id,major,minor,model,name,image,price,blurb,price_fmt
191580374,ゲート・仮囲い,パネルゲート,PGN-36,パネルゲート柱付きW3600mm・380kg,https://img21.shop-pro.jp/PA01522/292/product/191580374.jpg,340500,強度・耐久性が高く、長期間工事に最適な柱付きタイプのパネルゲート。,"340,500"
191580376,ゲート・仮囲い,パネルゲート,PGN-45,パネルゲート柱付きW4500mm・420kg,https://img21.shop-pro.jp/PA01522/292/product/191580376.jpg,385000,強度・耐久性が高く、長期間工事に最適な柱付きタイプのパネルゲート。,"385,000"
191580377,ゲート・仮囲い,パネルゲート,PGN-54,パネルゲート柱付きW5400mm・460kg,https://img21.shop-pro.jp/PA01522/292/product/191580377.jpg,430000,強度・耐久性が高く、長期間工事に最適な柱付きタイプのパネルゲート。,"430,000"
191580378,ゲート・仮囲い,パネルゲート,PGN-63,パネルゲート柱付きW6300mm・520kg,https://img21.shop-pro.jp/PA01522/292/product/191580378.jpg,482000,強度・耐久性が高く、長期間工事に最適な柱付きタイプのパネルゲート。,"482,000"
191580379,ゲート・仮囲い,パネルゲート,PGN-72,パネルゲート柱付きW7200mm・570kg,https://img21.shop-pro.jp/PA01522/292/product/191580379.jpg,526000,強度・耐久性が高く、長期間工事に最適な柱付きタイプのパネルゲート。,"526,000"
191580380,ゲート・仮囲い,パネルゲート,PGN-81,パネルゲート柱付きW8100mm・610kg,https://img21.shop-pro.jp/PA01522/292/product/191580380.jpg,577000,強度・耐久性が高く、長期間工事に最適な柱付きタイプのパネルゲート。,"577,000"
191580381,ゲート・仮囲い,パネルゲート,PGN-90,パネルゲート柱付きW9000mm・650kg,https://img21.shop-pro.jp/PA01522/292/product/191580381.jpg,632500,強度・耐久性が高く、長期間工事に最適な柱付きタイプのパネルゲート。,"632,500"
191580382,ゲート・仮囲い,パネルゲート,PGN-99,パネルゲート柱付きW9900mm・720kg,https://img21.shop-pro.jp/PA01522/292/product/191580382.jpg,723900,強度・耐久性が高く、長期間工事に最適な柱付きタイプのパネルゲート。,"723,900"
191580383,ゲート・仮囲い,パネルゲート,PGN-108,パネルゲート柱付きW10800mm・790kg,https://img21.shop-pro.jp/PA01522/292/product/191580383.jpg,829700,強度・耐久性が高く、長期間工事に最適な柱付きタイプのパネルゲート。,"829,700"
191580384,ゲート・仮囲い,パネルゲート,PGN-117,パネルゲート柱付きW11700mm・860kg,https://img21.shop-pro.jp/PA01522/292/product/191580384.jpg,924700,強度・耐久性が高く、長期間工事に最適な柱付きタイプのパネルゲート。,"924,700"
191580385,ゲート・仮囲い,パネルゲート,PGN-126,パネルゲート柱付きW12600mm・930kg,https://img21.shop-pro.jp/PA01522/292/product/191580385.jpg,1014200,強度・耐久性が高く、長期間工事に最適な柱付きタイプのパネルゲート。,"1,014,200"
191580386,ゲート・仮囲い,パネルゲート,MPGN-36,パネルゲート柱無しW3600mm・230kg,https://img21.shop-pro.jp/PA01522/292/product/191580386.jpg,224000,柱に単管パイプを使用し、基礎工事が不要な簡易パネルゲート。,"224,000"
191580387,ゲート・仮囲い,パネルゲート,MPGN-45,パネルゲート柱無しW4500mm・270kg,https://img21.shop-pro.jp/PA01522/292/product/191580387.jpg,265000,柱に単管パイプを使用し、基礎工事が不要な簡易パネルゲート。,"265,000"
191580388,ゲート・仮囲い,パネルゲート,MPGN-54,パネルゲート柱無しW5400mm・310kg,https://img21.shop-pro.jp/PA01522/292/product/191580388.jpg,306500,柱に単管パイプを使用し、基礎工事が不要な簡易パネルゲート。,"306,500"
191580389,ゲート・仮囲い,パネルゲート,MPGN-63,パネルゲート柱無しW6300mm・370kg,https://img21.shop-pro.jp/PA01522/292/product/191580389.jpg,353000,柱に単管パイプを使用し、基礎工事が不要な簡易パネルゲート。,"353,000"
191580390,ゲート・仮囲い,パネルゲート,MPGN-72,パネルゲート柱無しW7200mm・420kg,https://img21.shop-pro.jp/PA01522/292/product/191580390.jpg,396000,柱に単管パイプを使用し、基礎工事が不要な簡易パネルゲート。,"396,000"
191580391,ゲート・仮囲い,パネルゲート,MPGN-81,パネルゲート柱無しW8100mm・460kg,https://img21.shop-pro.jp/PA01522/292/product/191580391.jpg,442600,柱に単管パイプを使用し、基礎工事が不要な簡易パネルゲート。,"442,600"
191580392,ゲート・仮囲い,パネルゲート,MPGN-90,パネルゲート柱無しW9000mm・500kg,https://img21.shop-pro.jp/PA01522/292/product/191580392.jpg,492800,柱に単管パイプを使用し、基礎工事が不要な簡易パネルゲート。,"492,800"
191580393,ゲート・仮囲い,シートゲート,MGH-36,シートゲート柱付きW3600mm・300Kg,https://img21.shop-pro.jp/PA01522/292/product/191580393.jpg,210800,コンクリート基礎施工で、強度・耐久性の高い柱付きタイプのシートゲートです。,"210,800"
191580394,ゲート・仮囲い,シートゲート,MGH-45,シートゲート柱付きW4500mm・320Kg,https://img21.shop-pro.jp/PA01522/292/product/191580394.jpg,231000,コンクリート基礎施工で、強度・耐久性の高い柱付きタイプのシートゲートです。,"231,000"
191580395,ゲート・仮囲い,シートゲート,MGH-54,シートゲート柱付きW5400mm・340Kg,https://img21.shop-pro.jp/PA01522/292/product/191580395.jpg,256900,コンクリート基礎施工で、強度・耐久性の高い柱付きタイプのシートゲートです。,"256,900"
191580396,ゲート・仮囲い,シートゲート,MGH-63,シートゲート柱付きW6300mm・380Kg,https://img21.shop-pro.jp/PA01522/292/product/191580396.jpg,276900,コンクリート基礎施工で、強度・耐久性の高い柱付きタイプのシートゲートです。,"276,900"
191580397,ゲート・仮囲い,シートゲート,MGH-72,シートゲート柱付きW7200mm・410Kg,https://img21.shop-pro.jp/PA01522/292/product/191580397.jpg,311000,コンクリート基礎施工で、強度・耐久性の高い柱付きタイプのシートゲートです。,"311,000"
191580398,ゲート・仮囲い,シートゲート,MGH-81,シートゲート柱付きW8100mm・430Kg,https://img21.shop-pro.jp/PA01522/292/product/191580398.jpg,337200,コンクリート基礎施工で、強度・耐久性の高い柱付きタイプのシートゲートです。,"337,200"
191580399,ゲート・仮囲い,シートゲート,MGH-90,シートゲート柱付きW9000mm・450Kg,https://img21.shop-pro.jp/PA01522/292/product/191580399.jpg,377500,コンクリート基礎施工で、強度・耐久性の高い柱付きタイプのシートゲートです。,"377,500"
191580400,ゲート・仮囲い,シートゲート,MGH-99,シートゲート柱付きW9900mm・500Kg,https://img21.shop-pro.jp/PA01522/292/product/191580400.jpg,411500,コンクリート基礎施工で、強度・耐久性の高い柱付きタイプのシートゲートです。,"411,500"
191580402,ゲート・仮囲い,シートゲート,MGH-108,シートゲート柱付きW10800mm・550Kg,https://img21.shop-pro.jp/PA01522/292/product/191580402.jpg,451500,コンクリート基礎施工で、強度・耐久性の高い柱付きタイプのシートゲートです。,"451,500"
191580403,ゲート・仮囲い,シートゲート,MGH-117,シートゲート柱付きW11700mm・600Kg,https://img21.shop-pro.jp/PA01522/292/product/191580403.jpg,491600,コンクリート基礎施工で、強度・耐久性の高い柱付きタイプのシートゲートです。,"491,600"
191580404,ゲート・仮囲い,シートゲート,MGH-126,シートゲート柱付きW12600mm・650Kg,https://img21.shop-pro.jp/PA01522/292/product/191580404.jpg,542000,コンクリート基礎施工で、強度・耐久性の高い柱付きタイプのシートゲートです。,"542,000"
191580405,ゲート・仮囲い,シートゲート,MG-36,シートゲート柱無しW3600mm・150kg,https://img21.shop-pro.jp/PA01522/292/product/191580405.jpg,127500,柱に単管パイプを使用し、基礎工事が不要な簡易シートゲートです。,"127,500"
191580406,ゲート・仮囲い,シートゲート,MG-45,シートゲート柱無しW4500mm・170kg,https://img21.shop-pro.jp/PA01522/292/product/191580406.jpg,149000,柱に単管パイプを使用し、基礎工事が不要な簡易シートゲートです。,"149,000"
191580407,ゲート・仮囲い,シートゲート,MG-54,シートゲート柱無しW5400mm・190kg,https://img21.shop-pro.jp/PA01522/292/product/191580407.jpg,170000,柱に単管パイプを使用し、基礎工事が不要な簡易シートゲートです。,"170,000"
191580408,ゲート・仮囲い,シートゲート,MG-63,シートゲート柱無しW6300mm・230kg,https://img21.shop-pro.jp/PA01522/292/product/191580408.jpg,202500,柱に単管パイプを使用し、基礎工事が不要な簡易シートゲートです。,"202,500"
191580409,ゲート・仮囲い,シートゲート,MG-72,シートゲート柱無しW7200mm・260kg,https://img21.shop-pro.jp/PA01522/292/product/191580409.jpg,220500,柱に単管パイプを使用し、基礎工事が不要な簡易シートゲートです。,"220,500"
191580410,ゲート・仮囲い,シートゲート,MG-81,シートゲート柱無しW8100mm・280kg,https://img21.shop-pro.jp/PA01522/292/product/191580410.jpg,249000,柱に単管パイプを使用し、基礎工事が不要な簡易シートゲートです。,"249,000"
191580411,ゲート・仮囲い,シートゲート,MG-90,シートゲート柱無しW9000mm・300kg,https://img21.shop-pro.jp/PA01522/292/product/191580411.jpg,279600,柱に単管パイプを使用し、基礎工事が不要な簡易シートゲートです。,"279,600"
191580412,ゲート・仮囲い,パネルキャスターゲート,PCGN-27,パネルキャスターゲートH3mW2700mm・120kg,https://img21.shop-pro.jp/PA01522/292/product/191580412.jpg,160500,大型車両が出入り可能で、設置・撤去が簡単なパネル付きキャスターゲートです。,"160,500"
191580413,ゲート・仮囲い,パネルキャスターゲート,PCGN-36,パネルキャスターゲートH3mW3600mm・160kg,https://img21.shop-pro.jp/PA01522/292/product/191580413.jpg,206000,大型車両が出入り可能で、設置・撤去が簡単なパネル付きキャスターゲートです。,"206,000"
191580414,ゲート・仮囲い,パネルキャスターゲート,PCGN-45,パネルキャスターゲートH3mW4500mm・200kg,https://img21.shop-pro.jp/PA01522/292/product/191580414.jpg,248500,大型車両が出入り可能で、設置・撤去が簡単なパネル付きキャスターゲートです。,"248,500"
191580415,ゲート・仮囲い,パネルキャスターゲート,PCGN-54,パネルキャスターゲートH3mW5400mm・240kg,https://img21.shop-pro.jp/PA01522/292/product/191580415.jpg,294800,大型車両が出入り可能で、設置・撤去が簡単なパネル付きキャスターゲートです。,"294,800"
191580416,ゲート・仮囲い,パネルキャスターゲート,PCGN-63,パネルキャスターゲートH3mW6300mm・280kg,https://img21.shop-pro.jp/PA01522/292/product/191580416.jpg,338700,大型車両が出入り可能で、設置・撤去が簡単なパネル付きキャスターゲートです。,"338,700"
191580417,ゲート・仮囲い,パネルキャスターゲート,PCG-27,パネルキャスターゲートH2mW2700mm・75kg,https://img21.shop-pro.jp/PA01522/292/product/191580417.jpg,114700,大型車両が出入り可能で、設置・撤去が簡単なパネル付きキャスターゲートです。,"114,700"
191580418,ゲート・仮囲い,パネルキャスターゲート,PCG-36,パネルキャスターゲートH2mW3600mm・95kg,https://img21.shop-pro.jp/PA01522/292/product/191580418.jpg,145200,大型車両が出入り可能で、設置・撤去が簡単なパネル付きキャスターゲートです。,"145,200"
191580419,ゲート・仮囲い,パネルキャスターゲート,PCG-45,パネルキャスターゲートH2mW4500mm・120kg,https://img21.shop-pro.jp/PA01522/292/product/191580419.jpg,179200,大型車両が出入り可能で、設置・撤去が簡単なパネル付きキャスターゲートです。,"179,200"
191580420,ゲート・仮囲い,パネルキャスターゲート,PCG-54,パネルキャスターゲートH2mW5400mm・145kg,https://img21.shop-pro.jp/PA01522/292/product/191580420.jpg,208000,大型車両が出入り可能で、設置・撤去が簡単なパネル付きキャスターゲートです。,"208,000"
191580421,ゲート・仮囲い,パネルキャスターゲート,PCG-63,パネルキャスターゲートH2mW6300mm・170kg,https://img21.shop-pro.jp/PA01522/292/product/191580421.jpg,243800,大型車両が出入り可能で、設置・撤去が簡単なパネル付きキャスターゲートです。,"243,800"
191580422,ゲート・仮囲い,キャスターゲート,HCG-30,キャスターゲートH1850mmＷ3000ｍｍ・80kg,https://img21.shop-pro.jp/PA01522/292/product/191580422.jpg,104000,手軽に設置でき、幅広い現場でも使用可能なキャスターゲート。,"104,000"
191580423,ゲート・仮囲い,キャスターゲート,HCG-40,キャスターゲートH1850mmＷ4000ｍｍ・100kg,https://img21.shop-pro.jp/PA01522/292/product/191580423.jpg,123600,手軽に設置でき、幅広い現場でも使用可能なキャスターゲート。,"123,600"
191580424,ゲート・仮囲い,キャスターゲート,HCG-50,キャスターゲートH1850mmＷ5000ｍｍ・130kg,https://img21.shop-pro.jp/PA01522/292/product/191580424.jpg,143500,手軽に設置でき、幅広い現場でも使用可能なキャスターゲート。,"143,500"
191580425,ゲート・仮囲い,キャスターゲート,HCG-60,キャスターゲートH1850mmＷ6000ｍｍ・155kg,https://img21.shop-pro.jp/PA01522/292/product/191580425.jpg,159500,手軽に設置でき、幅広い現場でも使用可能なキャスターゲート。,"159,500"
191580426,ゲート・仮囲い,キャスターゲート,CG-30,キャスターゲートH1350mmW3000mm・80kg,https://img21.shop-pro.jp/PA01522/292/product/191580426.jpg,75500,手軽に設置でき、幅広い現場でも使用可能なキャスターゲート。,"75,500"
191580427,ゲート・仮囲い,キャスターゲート,CG-40,キャスターゲートH1350mmW3000mm・80kg,https://img21.shop-pro.jp/PA01522/292/product/191580427.jpg,88000,手軽に設置でき、幅広い現場でも使用可能なキャスターゲート。,"88,000"
191580429,ゲート・仮囲い,キャスターゲート,CG-50,キャスターゲートH1350mmW3000mm・80kg,https://img21.shop-pro.jp/PA01522/292/product/191580429.jpg,106000,手軽に設置でき、幅広い現場でも使用可能なキャスターゲート。,"106,000"
191580430,ゲート・仮囲い,キャスターゲート,CG-60,キャスターゲートH1350mmW3000mm・80kg,https://img21.shop-pro.jp/PA01522/292/product/191580430.jpg,124000,手軽に設置でき、幅広い現場でも使用可能なキャスターゲート。,"124,000"
191580431,ゲート・仮囲い,仮囲い・ドア,FP-2,平面パネル H2mW500mm・12.4kg・白,https://img21.shop-pro.jp/PA01522/292/product/191580431.jpg,4700,美観に優れた全面フラットな仮囲い。,"4,700"
191580432,ゲート・仮囲い,仮囲い・ドア,FP-3,平面パネル H3mW500mm・18.6kg・白,https://img21.shop-pro.jp/PA01522/292/product/191580432.jpg,6650,美観に優れた全面フラットな仮囲い。,"6,650"
191580433,ゲート・仮囲い,仮囲い・ドア,FPK-2,自在コーナー H2mW240×240mm 12.6kg・白,https://img21.shop-pro.jp/PA01522/292/product/191580433.jpg,12700,美観に優れた全面フラットな仮囲い。,"12,700"
191580434,ゲート・仮囲い,仮囲い・ドア,FPK-3,自在コーナー H3mW240×240mm 18.9kg・白,https://img21.shop-pro.jp/PA01522/292/product/191580434.jpg,14000,美観に優れた全面フラットな仮囲い。,"14,000"
191580435,ゲート・仮囲い,仮囲い・ドア,FPC-2,巾調整 H2mW40〜480mm 11.3kg・白,https://img21.shop-pro.jp/PA01522/292/product/191580435.jpg,6300,美観に優れた全面フラットな仮囲い。,"6,300"
191580436,ゲート・仮囲い,仮囲い・ドア,FPC-3,巾調整 H3mW40〜480mm 17.0kg・白,https://img21.shop-pro.jp/PA01522/292/product/191580436.jpg,8800,美観に優れた全面フラットな仮囲い。,"8,800"
191580437,ゲート・仮囲い,仮囲い・ドア,FP-C,取付C型金具100g,https://img21.shop-pro.jp/PA01522/292/product/191580437.jpg,2000,美観に優れた全面フラットな仮囲い。,"2,000"
191580439,ゲート・仮囲い,仮囲い・ドア,FK-2,クリアフェンスＦ型H2mW500mm・3.4kg,https://img21.shop-pro.jp/PA01522/292/product/191580439.jpg,13700,パンチングパネル：風圧を緩和させ、安全性を高める為のパンチングをフラットパネル用に開発しました。,"13,700"
191580440,ゲート・仮囲い,仮囲い・ドア,FK-3,クリアフェンスＦ型H3mW500mm・5.1kg,https://img21.shop-pro.jp/PA01522/292/product/191580440.jpg,15650,パンチングパネル：風圧を緩和させ、安全性を高める為のパンチングをフラットパネル用に開発しました。,"15,650"
191580441,ゲート・仮囲い,仮囲い・ドア,FPP-2,パンチングパネルH2mW500mm・10.0kg,https://img21.shop-pro.jp/PA01522/292/product/191580441.jpg,9400,パンチングパネル：風圧を緩和させ、安全性を高める為のパンチングをフラットパネル用に開発しました。,"9,400"
191580442,ゲート・仮囲い,仮囲い・ドア,FPP-3,パンチングパネルH3mW500mm・14.8kg,https://img21.shop-pro.jp/PA01522/292/product/191580442.jpg,11000,パンチングパネル：風圧を緩和させ、安全性を高める為のパンチングをフラットパネル用に開発しました。,"11,000"
191580443,ゲート・仮囲い,仮囲い・ドア,FD-2,ドアパネルH2mW500mm・22kg・白,https://img21.shop-pro.jp/PA01522/292/product/191580443.jpg,78200,フラットパネルドア：スッキリとした外観を活かしたフラットパネル専用のドアパネルです。,"78,200"
191580444,ゲート・仮囲い,仮囲い・ドア,FD-3,ドアパネルH3mW500mm・28.2kg・白,https://img21.shop-pro.jp/PA01522/292/product/191580444.jpg,88000,フラットパネルドア：スッキリとした外観を活かしたフラットパネル専用のドアパネルです。,"88,000"
191580446,ゲート・仮囲い,仮囲い・ドア,FDW-2,STドアワイドH2mW1000mm・40.0kg・白,https://img21.shop-pro.jp/PA01522/292/product/191580446.jpg,98000,フラットパネルドア：スッキリとした外観を活かしたフラットパネル専用のドアパネルです。,"98,000"
191580447,ゲート・仮囲い,仮囲い・ドア,FDW-3,STドアワイドH3mW1000mm・52.4kg・白,https://img21.shop-pro.jp/PA01522/292/product/191580447.jpg,107000,フラットパネルドア：スッキリとした外観を活かしたフラットパネル専用のドアパネルです。,"107,000"
191580448,ゲート・仮囲い,仮囲い・ドア,AK08-2,安全鋼板(亜鉛)H2m0.8×540mm・8.2kg,https://img21.shop-pro.jp/PA01522/292/product/191580448.jpg,3350,亜鉛メッキ仕様亜鉛鉄板の地肌が美しいスタンダードタイプです。,"3,350"
191580449,ゲート・仮囲い,仮囲い・ドア,AK08-3,安全鋼板(亜鉛)H3m0.8×540mm・12.2kg,https://img21.shop-pro.jp/PA01522/292/product/191580449.jpg,4900,亜鉛メッキ仕様亜鉛鉄板の地肌が美しいスタンダードタイプです。,"4,900"
191580450,ゲート・仮囲い,仮囲い・ドア,AK12-2,安全鋼板(亜鉛)H2m1.2×540mm・12.0kg,https://img21.shop-pro.jp/PA01522/292/product/191580450.jpg,4100,亜鉛メッキ仕様亜鉛鉄板の地肌が美しいスタンダードタイプです。,"4,100"
191580452,ゲート・仮囲い,仮囲い・ドア,AK12-3,安全鋼板(亜鉛)H3m1.2×540mm・17.9kg,https://img21.shop-pro.jp/PA01522/292/product/191580452.jpg,5500,亜鉛メッキ仕様亜鉛鉄板の地肌が美しいスタンダードタイプです。,"5,500"
191580453,ゲート・仮囲い,仮囲い・ドア,AKP12-2,安全鋼板(亜鉛)パンチングH2m1.2×540mm・9.6kg,https://img21.shop-pro.jp/PA01522/292/product/191580453.jpg,6700,亜鉛メッキ仕様亜鉛鉄板の地肌が美しいスタンダードタイプです。,"6,700"
191580454,ゲート・仮囲い,仮囲い・ドア,AKP12-3,安全鋼板(亜鉛)パンチングH3m1.2×540mm・14.1kg,https://img21.shop-pro.jp/PA01522/292/product/191580454.jpg,8200,亜鉛メッキ仕様亜鉛鉄板の地肌が美しいスタンダードタイプです。,"8,200"
191580455,ゲート・仮囲い,仮囲い・ドア,FB,取付フックボルト69g,https://img21.shop-pro.jp/PA01522/292/product/191580455.jpg,2000,亜鉛メッキ仕様亜鉛鉄板の地肌が美しいスタンダードタイプです。,"2,000"
191580456,ゲート・仮囲い,仮囲い・ドア,AG-2,ガルバリウム鋼板H2m1.2×540mm・11.7kg,https://img21.shop-pro.jp/PA01522/292/product/191580456.jpg,4200,ガルバリウム鋼板特に塩害地域と工業地域で亜鉛メッキよりも３〜６倍の耐久力を発揮します。,"4,200"
191580457,ゲート・仮囲い,仮囲い・ドア,AG-3,ガルバリウム鋼板H3m1.2×540mm・17.6kg,https://img21.shop-pro.jp/PA01522/292/product/191580457.jpg,6300,ガルバリウム鋼板特に塩害地域と工業地域で亜鉛メッキよりも３〜６倍の耐久力を発揮します。,"6,300"
191580458,ゲート・仮囲い,仮囲い・ドア,AGP-2,ガルバリウム鋼板パンチングH2m1.2×540mm・9.4kg,https://img21.shop-pro.jp/PA01522/292/product/191580458.jpg,8200,ガルバリウム鋼板特に塩害地域と工業地域で亜鉛メッキよりも３〜６倍の耐久力を発揮します。,"8,200"
191580459,ゲート・仮囲い,仮囲い・ドア,AGP-3,ガルバリウム鋼板パンチングH3m1.2×540mm・13.9kg,https://img21.shop-pro.jp/PA01522/292/product/191580459.jpg,10200,ガルバリウム鋼板特に塩害地域と工業地域で亜鉛メッキよりも３〜６倍の耐久力を発揮します。,"10,200"
191580460,ゲート・仮囲い,仮囲い・ドア,AC-2,クリアフェンスA型H2m1.2×540mm・2.9kg,https://img21.shop-pro.jp/PA01522/292/product/191580460.jpg,13700,クリアフェンス見通しがよくなる透明な仮囲い。,"13,700"
191580461,ゲート・仮囲い,仮囲い・ドア,AC-3,クリアフェンスA型H3m1.2×540mm・4.4kg,https://img21.shop-pro.jp/PA01522/292/product/191580461.jpg,18000,クリアフェンス見通しがよくなる透明な仮囲い。,"18,000"
191580462,ゲート・仮囲い,仮囲い・ドア,KD-2,STドアH2mW717mm・60kg,https://img21.shop-pro.jp/PA01522/292/product/191580462.jpg,98000,クリアフェンス見通しがよくなる透明な仮囲い。,"98,000"
191580463,ゲート・仮囲い,仮囲い・ドア,KD-3,STドアH3mW717mm・78.9kg,https://img21.shop-pro.jp/PA01522/292/product/191580463.jpg,108000,クリアフェンス見通しがよくなる透明な仮囲い。,"108,000"
191580464,ゲート・仮囲い,防音アフィラウォール,AW II S0930,標準パネルH3000W900×H3000・20.0kg,https://img21.shop-pro.jp/PA01522/292/product/191580464.jpg,54800,遮音パネルと吸音材＋パンチングパネルを組み合わせた新世代の防音仮囲い。,"54,800"
191580465,ゲート・仮囲い,防音アフィラウォール,AW II S4530,標準パネルH3000W450×H3000・12.2kg,https://img21.shop-pro.jp/PA01522/292/product/191580465.jpg,31900,遮音パネルと吸音材＋パンチングパネルを組み合わせた新世代の防音仮囲い。,"31,900"
191580466,ゲート・仮囲い,防音アフィラウォール,AW II C4530,コーナーパネルH3000W450×H3000・15.5kg,https://img21.shop-pro.jp/PA01522/292/product/191580466.jpg,45600,遮音パネルと吸音材＋パンチングパネルを組み合わせた新世代の防音仮囲い。,"45,600"
191580467,ゲート・仮囲い,防音アフィラウォール,AW II X4530,調整パネルH3000W450×H3000・7.0kg,https://img21.shop-pro.jp/PA01522/292/product/191580467.jpg,18000,遮音パネルと吸音材＋パンチングパネルを組み合わせた新世代の防音仮囲い。,"18,000"
191580468,ゲート・仮囲い,防音アフィラウォール,AW II P4530,クリアパネルH3000W450×H3000・8.8kg,https://img21.shop-pro.jp/PA01522/292/product/191580468.jpg,47600,遮音パネルと吸音材＋パンチングパネルを組み合わせた新世代の防音仮囲い。,"47,600"
191580469,ゲート・仮囲い,防音アフィラウォール,AW II S4545,標準パネルH4500W450×H4500・18.1kg,https://img21.shop-pro.jp/PA01522/292/product/191580469.jpg,65000,遮音パネルと吸音材＋パンチングパネルを組み合わせた新世代の防音仮囲い。,"65,000"
191580470,ゲート・仮囲い,防音アフィラウォール,AW II C4545,コーナーパネルH4500W450×H4500・23.1kg,https://img21.shop-pro.jp/PA01522/292/product/191580470.jpg,74000,遮音パネルと吸音材＋パンチングパネルを組み合わせた新世代の防音仮囲い。,"74,000"
191580471,ゲート・仮囲い,防音アフィラウォール,AW II X4545,調整パネルH4500W450×H4500・10.4kg,https://img21.shop-pro.jp/PA01522/292/product/191580471.jpg,59000,遮音パネルと吸音材＋パンチングパネルを組み合わせた新世代の防音仮囲い。,"59,000"
191580472,ゲート・仮囲い,防音アフィラウォール,AW II P4545,クリアパネルH4500W450×H4500・13.1kg,https://img21.shop-pro.jp/PA01522/292/product/191580472.jpg,65000,遮音パネルと吸音材＋パンチングパネルを組み合わせた新世代の防音仮囲い。,"65,000"
191580473,ゲート・仮囲い,防音アフィラウォール,AW II D0920,ドアパネルW900×H2000・21.6kg,https://img21.shop-pro.jp/PA01522/292/product/191580473.jpg,323000,遮音パネルと吸音材＋パンチングパネルを組み合わせた新世代の防音仮囲い。,"323,000"
191580474,ゲート・仮囲い,防音アフィラウォール,AW II S0925,標準パネルH2500W900×H2500・16.9kg,https://img21.shop-pro.jp/PA01522/292/product/191580474.jpg,65000,遮音パネルと吸音材＋パンチングパネルを組み合わせた新世代の防音仮囲い。,"65,000"
191580475,ゲート・仮囲い,防音アフィラウォール,AW II S0910,標準パネルH1000W900×H1000・7.3kg,https://img21.shop-pro.jp/PA01522/292/product/191580475.jpg,33500,遮音パネルと吸音材＋パンチングパネルを組み合わせた新世代の防音仮囲い。,"33,500"
191580476,くさび足場,支柱,SA-36,支柱3600mm×48.6Φ 13.1kg,https://img21.shop-pro.jp/PA01522/292/product/191580476.jpg,5373,カタログはこちらからダンロードできます。,"5,373"
191580477,くさび足場,支柱,SA-27,支柱2700mm×48.6Φ 10.0kg,https://img21.shop-pro.jp/PA01522/292/product/191580477.jpg,4071,カタログはこちらからダンロードできます。,"4,071"
191580478,くさび足場,支柱,SA-18,支柱1800mm×48.6Φ 6.8kg,https://img21.shop-pro.jp/PA01522/292/product/191580478.jpg,2931,カタログはこちらからダンロードできます。,"2,931"
191580479,くさび足場,支柱,SA-09,支柱900mm×48.6Φ 3.6kg,https://img21.shop-pro.jp/PA01522/292/product/191580479.jpg,1628,カタログはこちらからダンロードできます。,"1,628"
191580480,くさび足場,支柱,SA-045,支柱450mm×48.6Φ 2.0kg,https://img21.shop-pro.jp/PA01522/292/product/191580480.jpg,2000,カタログはこちらからダンロードできます。,"2,000"
191580481,くさび足場,支柱,SA-08L,支柱 根がらみ740mm×48.6Φ 3.5kg,https://img21.shop-pro.jp/PA01522/292/product/191580481.jpg,2000,カタログはこちらからダンロードできます。,"2,000"
191580482,くさび足場,支柱,SA-09 頭切,支柱 頭切810mm×48.6Φ 3.0kg,https://img21.shop-pro.jp/PA01522/292/product/191580482.jpg,2000,カタログはこちらからダンロードできます。,"2,000"
191580483,くさび足場,支柱,SN-8,ロックピン 支柱内付けタイプ12g  （最低発注数300）,https://img21.shop-pro.jp/PA01522/292/product/191580483.jpg,2000,カタログはこちらからダンロードできます。,"2,000"
191580484,くさび足場,支柱,SJ-1,ロックピン 支柱外付けタイプ44g （最低発注数200）,https://img21.shop-pro.jp/PA01522/292/product/191580484.jpg,2000,カタログはこちらからダンロードできます。,"2,000"
191580486,くさび足場,支柱,SN-1 N12,ロックピン 支柱外付けタイプ160g（最低発注数100）,https://img21.shop-pro.jp/PA01522/292/product/191580486.jpg,2000,カタログはこちらからダンロードできます。,"2,000"
191580487,くさび足場,手摺,SC-18,手摺1800mm×42.7Φ 4.3kg,https://img21.shop-pro.jp/PA01522/292/product/191580487.jpg,1845,カタログはこちらからダンロードできます。,"1,845"
191580488,くさび足場,手摺,SC-15,手摺1500mm×42.7Φ 3.8kg,https://img21.shop-pro.jp/PA01522/292/product/191580488.jpg,1736,カタログはこちらからダンロードできます。,"1,736"
191580489,くさび足場,手摺,SC-12,手摺1200mm×42.7Φ 3.0kg,https://img21.shop-pro.jp/PA01522/292/product/191580489.jpg,1357,カタログはこちらからダンロードできます。,"1,357"
191580490,くさび足場,手摺,SC-09,手摺900mm×42.7Φ 2.4kg,https://img21.shop-pro.jp/PA01522/292/product/191580490.jpg,1031,カタログはこちらからダンロードできます。,"1,031"
191580492,くさび足場,手摺,SC-06,手摺600mm×42.7Φ 1.7kg,https://img21.shop-pro.jp/PA01522/292/product/191580492.jpg,2000,カタログはこちらからダンロードできます。,"2,000"
191580493,くさび足場,手摺,SC-04,手摺400mm×42.7Φ 1.2kg,https://img21.shop-pro.jp/PA01522/292/product/191580493.jpg,2000,カタログはこちらからダンロードできます。,"2,000"
191580494,くさび足場,手摺,SC-03,手摺300mm×42.7Φ 1.0kg,https://img21.shop-pro.jp/PA01522/292/product/191580494.jpg,2000,カタログはこちらからダンロードできます。,"2,000"
191580495,くさび足場,手摺,SC-02,手摺200mm×42.7Φ 0.8kg,https://img21.shop-pro.jp/PA01522/292/product/191580495.jpg,2000,カタログはこちらからダンロードできます。,"2,000"
191580496,くさび足場,踏板,SD-4018N,踏板 400mm幅1800mm・13.8kg,https://img21.shop-pro.jp/PA01522/292/product/191580496.jpg,5699,カタログはこちらからダンロードできます。,"5,699"
191580497,くさび足場,踏板,SD-4015N,踏板 400mm幅1500mm・11.7kg,https://img21.shop-pro.jp/PA01522/292/product/191580497.jpg,5590,カタログはこちらからダンロードできます。,"5,590"
191580498,くさび足場,踏板,SD-4012N,踏板 400mm幅1200mm・10.0kg,https://img21.shop-pro.jp/PA01522/292/product/191580498.jpg,4885,カタログはこちらからダンロードできます。,"4,885"
191580499,くさび足場,踏板,SD-4009,踏板 400mm幅900mm・7.5kg,https://img21.shop-pro.jp/PA01522/292/product/191580499.jpg,3473,カタログはこちらからダンロードできます。,"3,473"
191580500,くさび足場,踏板,SD-4006,踏板 400mm幅600mm・5.5kg,https://img21.shop-pro.jp/PA01522/292/product/191580500.jpg,3093,カタログはこちらからダンロードできます。,"3,093"
191580501,くさび足場,踏板,SD-2518,踏板 250mm幅1800mm・9.7kg,https://img21.shop-pro.jp/PA01522/292/product/191580501.jpg,4288,カタログはこちらからダンロードできます。,"4,288"
191580502,くさび足場,踏板,SD-2515,踏板 250mm幅1500mm・7.3kg,https://img21.shop-pro.jp/PA01522/292/product/191580502.jpg,4179,カタログはこちらからダンロードできます。,"4,179"
191580503,くさび足場,踏板,SD-2512,踏板 250mm幅1200mm・6.8kg,https://img21.shop-pro.jp/PA01522/292/product/191580503.jpg,3799,カタログはこちらからダンロードできます。,"3,799"
191580504,くさび足場,踏板,SD-2509,踏板 250mm幅900mm・5.5kg,https://img21.shop-pro.jp/PA01522/292/product/191580504.jpg,3148,カタログはこちらからダンロードできます。,"3,148"
191580505,くさび足場,踏板,SD-2506,踏板 250mm幅600mm・4.0kg,https://img21.shop-pro.jp/PA01522/292/product/191580505.jpg,2714,カタログはこちらからダンロードできます。,"2,714"
191580506,くさび足場,踏板,SD-2504,踏板 250mm幅400mm・3.3kg,https://img21.shop-pro.jp/PA01522/292/product/191580506.jpg,2225,カタログはこちらからダンロードできます。,"2,225"
191580507,くさび足場,踏板,SDS-2518,センター踏板 250mm幅1800mm・9.4kg,https://img21.shop-pro.jp/PA01522/292/product/191580507.jpg,2000,カタログはこちらからダンロードできます。,"2,000"
191580509,くさび足場,踏板,SDS-2515,センター踏板 250mm幅1500mm・8.4kg,https://img21.shop-pro.jp/PA01522/292/product/191580509.jpg,2000,カタログはこちらからダンロードできます。,"2,000"
191580510,くさび足場,踏板,SDS-2512,センター踏板 250mm幅1200mm・6.5kg,https://img21.shop-pro.jp/PA01522/292/product/191580510.jpg,2000,カタログはこちらからダンロードできます。,"2,000"
191580511,くさび足場,踏板,SDS-2509,センター踏板 250mm幅900mm・5.2kg,https://img21.shop-pro.jp/PA01522/292/product/191580511.jpg,2000,カタログはこちらからダンロードできます。,"2,000"
191580512,くさび足場,踏板,SDS-2506,センター踏板 250mm幅600mm・3.7kg,https://img21.shop-pro.jp/PA01522/292/product/191580512.jpg,2000,カタログはこちらからダンロードできます。,"2,000"
191580513,くさび足場,踏板,SDS-1518,センター踏板 150mm幅1800mm・8.0kg,https://img21.shop-pro.jp/PA01522/292/product/191580513.jpg,2000,カタログはこちらからダンロードできます。,"2,000"
191580514,くさび足場,踏板,SDS-1515,センター踏板 150mm幅1500mm・7.7kg,https://img21.shop-pro.jp/PA01522/292/product/191580514.jpg,2000,カタログはこちらからダンロードできます。,"2,000"
191580515,くさび足場,踏板,SDS-1512,センター踏板 150mm幅1200mm・5.6kg,https://img21.shop-pro.jp/PA01522/292/product/191580515.jpg,2000,カタログはこちらからダンロードできます。,"2,000"
191580516,くさび足場,踏板,SDS-1509,センター踏板 150mm幅900mm・4.3kg,https://img21.shop-pro.jp/PA01522/292/product/191580516.jpg,2000,カタログはこちらからダンロードできます。,"2,000"
191580517,くさび足場,踏板,SDS-1506,センター踏板 150mm幅600mm・3.1kg,https://img21.shop-pro.jp/PA01522/292/product/191580517.jpg,2000,カタログはこちらからダンロードできます。,"2,000"
191580518,くさび足場,踏板,SDS-A1,センターアダプター0.7kg,https://img21.shop-pro.jp/PA01522/292/product/191580518.jpg,2000,カタログはこちらからダンロードできます。,"2,000"
191580519,くさび足場,踏板,SD-5018,踏板 500mm幅1800mm・15.2kg,https://img21.shop-pro.jp/PA01522/292/product/191580519.jpg,2000,500幅カタログはこちらからダンロードできます。,"2,000"
191580520,くさび足場,踏板,SD-5012,踏板 500mm幅1200mm・12.2kg,https://img21.shop-pro.jp/PA01522/292/product/191580520.jpg,2000,500幅カタログはこちらからダンロードできます。,"2,000"
191580521,くさび足場,踏板,SD-5009,踏板 500mm幅900mm・9.1kg,https://img21.shop-pro.jp/PA01522/292/product/191580521.jpg,2000,500幅カタログはこちらからダンロードできます。,"2,000"
191580522,くさび足場,踏板,SD-5006,踏板 500mm幅600mm・6.7kg,https://img21.shop-pro.jp/PA01522/292/product/191580522.jpg,2000,500幅カタログはこちらからダンロードできます。,"2,000"
191580523,くさび足場,ジャッキベース・アンダーベース,SE-6,ジャッキベース600mm×38.1Φ×140角・2.7kg,https://img21.shop-pro.jp/PA01522/292/product/191580523.jpg,2000,カタログはこちらからダンロードできます。,"2,000"
191580524,くさび足場,ジャッキベース・アンダーベース,SE-6s,自在ジャッキ600mm×38.1Φ×140角・2.8kg,https://img21.shop-pro.jp/PA01522/292/product/191580524.jpg,2000,カタログはこちらからダンロードできます。,"2,000"
191580525,くさび足場,ジャッキベース・アンダーベース,SE-6P,壁当てジャッキ615mm×38.1Φ×2.2kg,https://img21.shop-pro.jp/PA01522/292/product/191580525.jpg,2000,カタログはこちらからダンロードできます。,"2,000"
191580526,くさび足場,ジャッキベース・アンダーベース,SJH-20,ジャッキホルダー1.1kg,https://img21.shop-pro.jp/PA01522/292/product/191580526.jpg,2000,カタログはこちらからダンロードできます。,"2,000"
191580527,くさび足場,ジャッキベース・アンダーベース,W-140,Wベース・140角240×240mm・0.5Kg・グレー（最低発注数50）,https://img21.shop-pro.jp/PA01522/292/product/191580527.jpg,2000,Lベースカタログはこちらからダンロードできます。,"2,000"
191580528,くさび足場,ジャッキベース・アンダーベース,W-120,Wベース・120角240×240mm・0.5Kg・ダークグレー（最低発注数50）,https://img21.shop-pro.jp/PA01522/292/product/191580528.jpg,2000,Lベースカタログはこちらからダンロードできます。,"2,000"
191580530,くさび足場,ジャッキベース・アンダーベース,L-140,Lベース・140角55×20cm・1.5Kg・グレー（最低発注数12）,https://img21.shop-pro.jp/PA01522/292/product/191580530.jpg,2000,Lベースカタログはこちらからダンロードできます。,"2,000"
191580531,くさび足場,ジャッキベース・アンダーベース,L-120,Lベース・120角55×20cm・1.5Kg・ダークグレー（最低発注数12）,https://img21.shop-pro.jp/PA01522/292/product/191580531.jpg,2000,Lベースカタログはこちらからダンロードできます。,"2,000"
191580532,くさび足場,ブラケット,SB-40,ブラケット600mm・2.5kg,https://img21.shop-pro.jp/PA01522/292/product/191580532.jpg,2000,カタログはこちらからダンロードできます。,"2,000"
191580533,くさび足場,ブラケット,SB-25,ブラケット400mm・1.8kg,https://img21.shop-pro.jp/PA01522/292/product/191580533.jpg,2000,カタログはこちらからダンロードできます。,"2,000"
191580534,くさび足場,ブレス,SL-18N,ブレス(1800用)2608mm×27.2Φ 4.0kg,https://img21.shop-pro.jp/PA01522/292/product/191580534.jpg,2000,カタログはこちらからダンロードできます。,"2,000"
191580535,くさび足場,ブレス,SL-15N,ブレス(1500用)2074mm×27.2Φ 3.5kg,https://img21.shop-pro.jp/PA01522/292/product/191580535.jpg,2000,カタログはこちらからダンロードできます。,"2,000"
191580536,くさび足場,ブレス,SL-12N,ブレス(1200用)1551mm×27.2Φ 2.7kg,https://img21.shop-pro.jp/PA01522/292/product/191580536.jpg,2000,カタログはこちらからダンロードできます。,"2,000"
191580537,くさび足場,ブレス,SL-09N,ブレス(900用)1337mm×27.2Φ 2.4kg,https://img21.shop-pro.jp/PA01522/292/product/191580537.jpg,2000,カタログはこちらからダンロードできます。,"2,000"
191580538,くさび足場,階段,SH-19H,ハーフステップ900×900mm 10.8kg,https://img21.shop-pro.jp/PA01522/292/product/191580538.jpg,2000,カタログはこちらからダンロードできます。,"2,000"
191580539,くさび足場,階段,SH-18N3,鋼製階段1800×1800mm 17.4kg,https://img21.shop-pro.jp/PA01522/292/product/191580539.jpg,2000,カタログはこちらからダンロードできます。,"2,000"
191580540,くさび足場,階段,SH-18A,アルミ階段1800×1800mm 12.3kg,https://img21.shop-pro.jp/PA01522/292/product/191580540.jpg,2000,カタログはこちらからダンロードできます。,"2,000"
191580541,くさび足場,階段,SQ-N,補助ステップ510×275mm 3.9kg,https://img21.shop-pro.jp/PA01522/292/product/191580541.jpg,2000,カタログはこちらからダンロードできます。,"2,000"
191580542,くさび足場,階段,SHC-18N,階段手すり1800×1800mm 7.1kg,https://img21.shop-pro.jp/PA01522/292/product/191580542.jpg,2000,カタログはこちらからダンロードできます。,"2,000"
191580543,くさび足場,階段,TG,タラップガード(階段開口部手摺)1360×1020mm 10.2kg,https://img21.shop-pro.jp/PA01522/292/product/191580543.jpg,2000,カタログはこちらからダンロードできます。,"2,000"
191580544,くさび足場,階段,SHT-1510,"ロング階段扉555×1,510mm 8.1kg",https://img21.shop-pro.jp/PA01522/292/product/191580544.jpg,2000,カタログはこちらからダンロードできます。,"2,000"
191580545,くさび足場,階段,SHT-600N,両開き階段扉525×890mm 4.7kg,https://img21.shop-pro.jp/PA01522/292/product/191580545.jpg,2000,カタログはこちらからダンロードできます。,"2,000"
191580546,くさび足場,先行手摺・幅木,SX II-18,セーフハンガーSX II1800用/据置式 7.3kg,https://img21.shop-pro.jp/PA01522/292/product/191580546.jpg,2000,省力化：１本で手摺・中さん・筋交の３機能を兼ね備えています。,"2,000"
191580547,くさび足場,先行手摺・幅木,SX II-15,セーフハンガーSX II 1500用/据置式 6.5kg,https://img21.shop-pro.jp/PA01522/292/product/191580547.jpg,2000,省力化：１本で手摺・中さん・筋交の３機能を兼ね備えています。,"2,000"
191580549,くさび足場,先行手摺・幅木,SXII-12,セーフハンガーSX II 1200用/据置式 5.7kg,https://img21.shop-pro.jp/PA01522/292/product/191580549.jpg,2000,省力化：１本で手摺・中さん・筋交の３機能を兼ね備えています。,"2,000"
191580550,くさび足場,先行手摺・幅木,SX II-09,セーフハンガーSX II 900用/据置式 4.9kg,https://img21.shop-pro.jp/PA01522/292/product/191580550.jpg,2000,省力化：１本で手摺・中さん・筋交の３機能を兼ね備えています。,"2,000"
191580551,くさび足場,先行手摺・幅木,SX II-06,セーフハンガーSX II 600用/据置式 4.3kg,https://img21.shop-pro.jp/PA01522/292/product/191580551.jpg,2000,省力化：１本で手摺・中さん・筋交の３機能を兼ね備えています。,"2,000"
191580552,くさび足場,先行手摺・幅木,SX  III-18,セーフハンガーSX III 1800用/据置先送り兼用 7.3kg,https://img21.shop-pro.jp/PA01522/292/product/191580552.jpg,2000,省力化：１本で手摺・中さん・筋交の３機能を兼ね備えています。,"2,000"
191580553,くさび足場,先行手摺・幅木,SX  III-15,セーフハンガーSX III 1500用/据置先送り兼用 6.5kg,https://img21.shop-pro.jp/PA01522/292/product/191580553.jpg,2000,省力化：１本で手摺・中さん・筋交の３機能を兼ね備えています。,"2,000"
191580554,くさび足場,先行手摺・幅木,SX  III-12,セーフハンガーSX III 1200用/据置先送り兼用 5.7kg,https://img21.shop-pro.jp/PA01522/292/product/191580554.jpg,2000,省力化：１本で手摺・中さん・筋交の３機能を兼ね備えています。,"2,000"
191580555,くさび足場,先行手摺・幅木,SX  III-09,セーフハンガーSX III 900用/据置先送り兼用 4.9kg,https://img21.shop-pro.jp/PA01522/292/product/191580555.jpg,2000,省力化：１本で手摺・中さん・筋交の３機能を兼ね備えています。,"2,000"
191580556,くさび足場,先行手摺・幅木,ST2-18,セーフアングル II 1800用・5.4kg,https://img21.shop-pro.jp/PA01522/292/product/191580556.jpg,2000,ワンタッチ施工：取付は、片側フックを支柱に固定させるだけで、スピーディーな取付が可能です。,"2,000"
191580557,くさび足場,先行手摺・幅木,ST2-15,セーフアングル II 1500用・4.7kg,https://img21.shop-pro.jp/PA01522/292/product/191580557.jpg,2000,ワンタッチ施工：取付は、片側フックを支柱に固定させるだけで、スピーディーな取付が可能です。,"2,000"
191580558,くさび足場,先行手摺・幅木,ST2-12,セーフアングル II 1200用・3.8kg,https://img21.shop-pro.jp/PA01522/292/product/191580558.jpg,2000,ワンタッチ施工：取付は、片側フックを支柱に固定させるだけで、スピーディーな取付が可能です。,"2,000"
191580559,くさび足場,先行手摺・幅木,ST2-09,セーフアングル II 900用・3.0kg,https://img21.shop-pro.jp/PA01522/292/product/191580559.jpg,2000,ワンタッチ施工：取付は、片側フックを支柱に固定させるだけで、スピーディーな取付が可能です。,"2,000"
191580560,くさび足場,先行手摺・幅木,ST2-06,セーフアングル II 600用・2.2kg,https://img21.shop-pro.jp/PA01522/292/product/191580560.jpg,2000,ワンタッチ施工：取付は、片側フックを支柱に固定させるだけで、スピーディーな取付が可能です。,"2,000"
191580561,くさび足場,先行手摺・幅木,ST2-12C,セーフアングル II 妻側用1200用・4.8kg,https://img21.shop-pro.jp/PA01522/292/product/191580561.jpg,2000,ワンタッチ施工：取付は、片側フックを支柱に固定させるだけで、スピーディーな取付が可能です。,"2,000"
191580562,くさび足場,先行手摺・幅木,ST2-09C,セーフアングル II 妻側用900用・3.7kg,https://img21.shop-pro.jp/PA01522/292/product/191580562.jpg,2000,ワンタッチ施工：取付は、片側フックを支柱に固定させるだけで、スピーディーな取付が可能です。,"2,000"
191580563,くさび足場,先行手摺・幅木,ST2-06C,セーフアングル II 妻側用600用・2.6kg,https://img21.shop-pro.jp/PA01522/292/product/191580563.jpg,2000,ワンタッチ施工：取付は、片側フックを支柱に固定させるだけで、スピーディーな取付が可能です。,"2,000"
191580564,くさび足場,トラス・その他,SG-36N,"トラス3,600mm(2スパン)23.3kg",https://img21.shop-pro.jp/PA01522/292/product/191580564.jpg,2000,カタログはこちらからダンロードできます。,"2,000"
191580565,くさび足場,トラス・その他,SG-54N,"トラス5,400mm(3スパン)37.9kg",https://img21.shop-pro.jp/PA01522/292/product/191580565.jpg,2000,カタログはこちらからダンロードできます。,"2,000"
191580566,くさび足場,トラス・その他,SM-120,サイドアダプター0.6kg,https://img21.shop-pro.jp/PA01522/292/product/191580566.jpg,2000,カタログはこちらからダンロードできます。,"2,000"
191580568,くさび足場,トラス・その他,SDS-AD1,センターアダプター0.7kg,https://img21.shop-pro.jp/PA01522/292/product/191580568.jpg,2000,カタログはこちらからダンロードできます。,"2,000"
191580570,くさび足場,トラス・その他,SDS-AD1L,ロングセンタアダプター1.1kg,https://img21.shop-pro.jp/PA01522/292/product/191580570.jpg,2000,カタログはこちらからダンロードできます。,"2,000"
191580571,作業台,マイティーベース,CSR180WF,マイティーベース180(手掛り棒４本付)H1417〜1777mm 1680×500mm・27.1kg,https://img21.shop-pro.jp/PA01522/292/product/191580571.jpg,160875,軽量・安全・堅牢で使いやすく拡張性にも優れた多機能作業台 堅牢設計。,"160,875"
191580572,作業台,マイティーベース,CSR150D,マイティーベース150H1204〜1565mm 1488×400mm・16.1kg,https://img21.shop-pro.jp/PA01522/292/product/191580572.jpg,87750,軽量・安全・堅牢で使いやすく拡張性にも優れた多機能作業台 堅牢設計。,"87,750"
191580573,作業台,マイティーベース,CSR130D,マイティーベース130H925〜1238mm 1300×400mm・13.2kg,https://img21.shop-pro.jp/PA01522/292/product/191580573.jpg,73125,軽量・安全・堅牢で使いやすく拡張性にも優れた多機能作業台 堅牢設計。,"73,125"
191580574,作業台,マイティーベース,CSR100D,マイティーベース100H646〜959mm 1300×400mm・11.5kg,https://img21.shop-pro.jp/PA01522/292/product/191580574.jpg,68700,軽量・安全・堅牢で使いやすく拡張性にも優れた多機能作業台 堅牢設計。,"68,700"
191580575,作業台,マイティーステップ,CSFR 1518S,マイティーステップCSFRH1527-1840 367×400mm・16.4kg,https://img21.shop-pro.jp/PA01522/292/product/191580575.jpg,74100,軽量と伸縮脚により、作業性・機能面を一段とアップ。,"74,100"
191580576,作業台,マイティーステップ,BSR60S,マイティーステップBSRH595・305×400mm 6.0Kg,https://img21.shop-pro.jp/PA01522/292/product/191580576.jpg,28000,安心な大型天板仕様。,"28,000"
191580577,作業台,マイティーステップ,BSR90S,マイティーステップBSRH895・305×400mm 7.3Kg,https://img21.shop-pro.jp/PA01522/292/product/191580577.jpg,30000,安心な大型天板仕様。,"30,000"
191580578,作業台,マイティーステップ,BSR120S,マイティーステップBSRH1195・305×400mm 9.8Kg,https://img21.shop-pro.jp/PA01522/292/product/191580578.jpg,36000,安心な大型天板仕様。,"36,000"
191580579,作業台,マイティーステップ,BSSF6,マイティーステップBSSH600・600×400mm 7.2kg,https://img21.shop-pro.jp/PA01522/292/product/191580579.jpg,62700,コンパクトタイプながら安心の大型天板仕様。,"62,700"
191580580,作業台,マイティーステップ,BSSF9,マイティーステップBSSH879・600×400mm 8.5kg,https://img21.shop-pro.jp/PA01522/292/product/191580580.jpg,72900,コンパクトタイプながら安心の大型天板仕様。,"72,900"
191580581,作業台,マイティーステップ,BSSF6W,マイティーステップBSSH600・600×500mm 8.2kg,https://img21.shop-pro.jp/PA01522/292/product/191580581.jpg,46800,コンパクトタイプながら安心の大型天板仕様。,"46,800"
191580582,作業台,マイティーステップ,BSSF9W,マイティーステップBSSH879・600×500mm 9.5kg,https://img21.shop-pro.jp/PA01522/292/product/191580582.jpg,56550,コンパクトタイプながら安心の大型天板仕様。,"56,550"
191580583,作業台,マイティーステップ,BSS120,マイティーステップBSSH923-1236 600×400mm・12.0kg,https://img21.shop-pro.jp/PA01522/292/product/191580583.jpg,76050,コンパクトタイプながら安心の大型天板仕様。,"76,050"
191580584,作業台,マイティーステップ,BSS120W,マイティーステップBSSH923-1236 600×500mm・13.1kg,https://img21.shop-pro.jp/PA01522/292/product/191580584.jpg,70200,コンパクトタイプながら安心の大型天板仕様。,"70,200"
191580585,作業台,ローリングタワー,RTU-001,ローリングタワー(内階段式)1段高1.82〜1.94m・200kg,https://img21.shop-pro.jp/PA01522/292/product/191580585.jpg,278850,移動式作業足場 ・安全な枠内での登り降りが可能に。,"278,850"
191580586,作業台,ローリングタワー,RTU-002,ローリングタワー(内階段式)2段高3.37〜3.49m・362kg,https://img21.shop-pro.jp/PA01522/292/product/191580586.jpg,354900,移動式作業足場 ・安全な枠内での登り降りが可能に。,"354,900"
191580587,作業台,ローリングタワー,RTU-003,ローリングタワー(内階段式)3段高4.92〜5.03m・476kg,https://img21.shop-pro.jp/PA01522/292/product/191580587.jpg,473850,移動式作業足場 ・安全な枠内での登り降りが可能に。,"473,850"
191580588,作業台,ローリングタワー,RTU-004,ローリングタワー(内階段式)4段高6.46〜6.58m・587kg,https://img21.shop-pro.jp/PA01522/292/product/191580588.jpg,561600,移動式作業足場 ・安全な枠内での登り降りが可能に。,"561,600"
191580589,作業台,ローリングタワー,RTU-005,ローリングタワー(内階段式)5段高8.07〜8.19m・705kg,https://img21.shop-pro.jp/PA01522/292/product/191580589.jpg,641550,移動式作業足場 ・安全な枠内での登り降りが可能に。,"641,550"
191580590,作業台,ローリングタワー,RTS-001,ローリングタワー(外階段式)1段H1.78〜1.90m・145kg,https://img21.shop-pro.jp/PA01522/292/product/191580590.jpg,171600,移動式ローリングタワーは高所作業、防災工事、電気工事、イベント設営、建築工事、内装工事に最適な移動式足場です。,"171,600"
191580591,作業台,ローリングタワー,RTS-002,ローリングタワー(外階段式)2段H3.33〜3.45m・196kg,https://img21.shop-pro.jp/PA01522/292/product/191580591.jpg,214110,移動式ローリングタワーは高所作業、防災工事、電気工事、イベント設営、建築工事、内装工事に最適な移動式足場です。,"214,110"
191580592,作業台,ローリングタワー,RTS-003,ローリングタワー(外階段式)3段H4.88〜5.00m・247kg,https://img21.shop-pro.jp/PA01522/292/product/191580592.jpg,298350,移動式ローリングタワーは高所作業、防災工事、電気工事、イベント設営、建築工事、内装工事に最適な移動式足場です。,"298,350"
191580594,作業台,ローリングタワー,RTS-004,ローリングタワー(外階段式)4段H6.43〜6.55m・349kg,https://img21.shop-pro.jp/PA01522/292/product/191580594.jpg,351000,移動式ローリングタワーは高所作業、防災工事、電気工事、イベント設営、建築工事、内装工事に最適な移動式足場です。,"351,000"
191580595,作業台,ローリングタワー,RTS-005,ローリングタワー(外階段式)5段H7.98〜8.10m・412kg,https://img21.shop-pro.jp/PA01522/292/product/191580595.jpg,394800,移動式ローリングタワーは高所作業、防災工事、電気工事、イベント設営、建築工事、内装工事に最適な移動式足場です。,"394,800"
191580596,作業台,脚立・梯子,PRT-240F,伸縮脚付専用脚立PRTH2160〜2600mm 13.3kg,https://img21.shop-pro.jp/PA01522/292/product/191580596.jpg,84200,昇降しやすい幅広踏ざんを採用した伸縮脚付専用脚立 簡単！操作しやすい伸縮操作レバー（６ｍｍピッチ） 安心！昇降しやすい幅…,"84,200"
191580597,作業台,脚立・梯子,PRT-270F,伸縮脚付専用脚立PRTH2460〜2900mm 15.1kg,https://img21.shop-pro.jp/PA01522/292/product/191580597.jpg,95100,昇降しやすい幅広踏ざんを採用した伸縮脚付専用脚立 簡単！操作しやすい伸縮操作レバー（６ｍｍピッチ） 安心！昇降しやすい幅…,"95,100"
191580598,作業台,脚立・梯子,BSA-90A,専用脚立BSAH900mm・6.1kg,https://img21.shop-pro.jp/PA01522/292/product/191580598.jpg,55200,最大仕様質量１６０ｋｇの溶接仕様モデル ９０〜１８０Ａは仮設工業会認定品。,"55,200"
191580599,作業台,脚立・梯子,BSA-120A,専用脚立BSAH1200mm・7.6kg,https://img21.shop-pro.jp/PA01522/292/product/191580599.jpg,65900,最大仕様質量１６０ｋｇの溶接仕様モデル ９０〜１８０Ａは仮設工業会認定品。,"65,900"
191580600,作業台,脚立・梯子,BSA-150A,専用脚立BSAH1500mm・9.7kg,https://img21.shop-pro.jp/PA01522/292/product/191580600.jpg,72000,最大仕様質量１６０ｋｇの溶接仕様モデル ９０〜１８０Ａは仮設工業会認定品。,"72,000"
191580601,作業台,脚立・梯子,BSA-180A,専用脚立BSAH1800mm・11.6kg,https://img21.shop-pro.jp/PA01522/292/product/191580601.jpg,102700,最大仕様質量１６０ｋｇの溶接仕様モデル ９０〜１８０Ａは仮設工業会認定品。,"102,700"
191580602,作業台,脚立・梯子,BSA-210A,専用脚立BSAH2100mm・13.7kg,https://img21.shop-pro.jp/PA01522/292/product/191580602.jpg,124200,最大仕様質量１６０ｋｇの溶接仕様モデル ９０〜１８０Ａは仮設工業会認定品。,"124,200"
191580603,作業台,脚立・梯子,BSA-240A,専用脚立BSAH2400mm・16.7kg,https://img21.shop-pro.jp/PA01522/292/product/191580603.jpg,141000,最大仕様質量１６０ｋｇの溶接仕様モデル ９０〜１８０Ａは仮設工業会認定品。,"141,000"
191580604,作業台,脚立・梯子,BSA-270A,専用脚立BSAH2700mm・18.3kg,https://img21.shop-pro.jp/PA01522/292/product/191580604.jpg,161000,最大仕様質量１６０ｋｇの溶接仕様モデル ９０〜１８０Ａは仮設工業会認定品。,"161,000"
191580605,作業台,脚立・梯子,BSW-120A,専用脚立BSWH1200mm・8.6kg,https://img21.shop-pro.jp/PA01522/292/product/191580605.jpg,50600,大型天板と６５ｍｍの幅広踏ざんを採用した専用脚立 昇降角度７０°に設定した安心設計 カタログはこちらからダンロードできま…,"50,600"
191580606,作業台,脚立・梯子,BSW-150A,専用脚立BSWH1500mm・1.05kg,https://img21.shop-pro.jp/PA01522/292/product/191580606.jpg,62800,大型天板と６５ｍｍの幅広踏ざんを採用した専用脚立 昇降角度７０°に設定した安心設計 カタログはこちらからダンロードできま…,"62,800"
191580607,作業台,脚立・梯子,BSW-180A,専用脚立BSWH1800mm・12.2kg,https://img21.shop-pro.jp/PA01522/292/product/191580607.jpg,78200,大型天板と６５ｍｍの幅広踏ざんを採用した専用脚立 昇降角度７０°に設定した安心設計 カタログはこちらからダンロードできま…,"78,200"
191580608,作業台,脚立・梯子,BSW-210A,専用脚立BSWH2100mm・14.5kg,https://img21.shop-pro.jp/PA01522/292/product/191580608.jpg,115000,大型天板と６５ｍｍの幅広踏ざんを採用した専用脚立 昇降角度７０°に設定した安心設計 カタログはこちらからダンロードできま…,"115,000"
191580609,作業台,脚立・梯子,BSW-240A,専用脚立BSWH2400mm・16.4kg,https://img21.shop-pro.jp/PA01522/292/product/191580609.jpg,125700,大型天板と６５ｍｍの幅広踏ざんを採用した専用脚立 昇降角度７０°に設定した安心設計 カタログはこちらからダンロードできま…,"125,700"
191580610,作業台,脚立・梯子,BSW-270A,専用脚立BSWH2700mm・18.6kg,https://img21.shop-pro.jp/PA01522/292/product/191580610.jpg,144000,大型天板と６５ｍｍの幅広踏ざんを採用した専用脚立 昇降角度７０°に設定した安心設計 カタログはこちらからダンロードできま…,"144,000"
191580611,作業台,脚立・梯子,BSW-300A,専用脚立BSWH3000mm・20.7kg,https://img21.shop-pro.jp/PA01522/292/product/191580611.jpg,158000,大型天板と６５ｍｍの幅広踏ざんを採用した専用脚立 昇降角度７０°に設定した安心設計 カタログはこちらからダンロードできま…,"158,000"
191580612,作業台,脚立・梯子,PRS-60W,はしご兼用脚立H520mm 梯子長1130mm・2.7kg,https://img21.shop-pro.jp/PA01522/292/product/191580612.jpg,9900,耐久性と安全性をアップさせた、はしご兼用脚立の新型スタンダードモデル 安全の基本機能を集約した脚立です。,"9,900"
191580613,作業台,脚立・梯子,PRS-90W,はしご兼用脚立H820mm 梯子長1750mm・3.5kg,https://img21.shop-pro.jp/PA01522/292/product/191580613.jpg,11500,耐久性と安全性をアップさせた、はしご兼用脚立の新型スタンダードモデル 安全の基本機能を集約した脚立です。,"11,500"
191580614,作業台,脚立・梯子,PRS-120W,はしご兼用脚立H1110mm 梯子長2370mm・4.3kg,https://img21.shop-pro.jp/PA01522/292/product/191580614.jpg,13000,耐久性と安全性をアップさせた、はしご兼用脚立の新型スタンダードモデル 安全の基本機能を集約した脚立です。,"13,000"
191580615,作業台,脚立・梯子,PRS-150W,はしご兼用脚立H1410mm 梯子長2990mm・5.7kg,https://img21.shop-pro.jp/PA01522/292/product/191580615.jpg,16000,耐久性と安全性をアップさせた、はしご兼用脚立の新型スタンダードモデル 安全の基本機能を集約した脚立です。,"16,000"
191580616,作業台,脚立・梯子,PRS-180W,はしご兼用脚立H1700mm 梯子長3600mm・7.2kg,https://img21.shop-pro.jp/PA01522/292/product/191580616.jpg,18500,耐久性と安全性をアップさせた、はしご兼用脚立の新型スタンダードモデル 安全の基本機能を集約した脚立です。,"18,500"
191580617,作業台,脚立・梯子,PRS-210W,はしご兼用脚立H1990mm 梯子長4220mm・9.0kg,https://img21.shop-pro.jp/PA01522/292/product/191580617.jpg,23100,耐久性と安全性をアップさせた、はしご兼用脚立の新型スタンダードモデル 安全の基本機能を集約した脚立です。,"23,100"
191580618,作業台,脚立・梯子,MXB-60F,はしご兼用脚立H520mm 梯子長1130mm・2.7kg,https://img21.shop-pro.jp/PA01522/292/product/191580618.jpg,16100,安全性を向上させた業務用はしご兼用脚立。,"16,100"
191580619,作業台,脚立・梯子,MXB-90F,はしご兼用脚立H820mm 梯子長1750mm・3.6kg,https://img21.shop-pro.jp/PA01522/292/product/191580619.jpg,18500,安全性を向上させた業務用はしご兼用脚立。,"18,500"
191580620,作業台,脚立・梯子,MXB-120F,はしご兼用脚立H1110mm 梯子長2370mm・4.5kg,https://img21.shop-pro.jp/PA01522/292/product/191580620.jpg,21500,安全性を向上させた業務用はしご兼用脚立。,"21,500"
191580621,作業台,脚立・梯子,MXB-150F,はしご兼用脚立H1410mm 梯子長2990mm・6.4kg,https://img21.shop-pro.jp/PA01522/292/product/191580621.jpg,24500,安全性を向上させた業務用はしご兼用脚立。,"24,500"
191580623,作業台,脚立・梯子,MXB-180F,はしご兼用脚立H1700mm 梯子長3600mm・7.8kg,https://img21.shop-pro.jp/PA01522/292/product/191580623.jpg,27600,安全性を向上させた業務用はしご兼用脚立。,"27,600"
191580625,作業台,脚立・梯子,MXB-210F,はしご兼用脚立H1990mm 梯子長4220mm・9.5kg,https://img21.shop-pro.jp/PA01522/292/product/191580625.jpg,30600,安全性を向上させた業務用はしご兼用脚立。,"30,600"
191580626,作業台,楽トラ,GXT15T,楽トラ(4段ステップ)H1350〜1505mm・5.4kg,https://img21.shop-pro.jp/PA01522/292/product/191580626.jpg,65000,軽量・コンパクト・簡単操作で、安全にトラック荷台への昇降可能。,"65,000"
191580627,作業台,楽トラ,GXT18T,楽トラ(5段ステップ)H1639〜1794mm・6.0kg,https://img21.shop-pro.jp/PA01522/292/product/191580627.jpg,70000,軽量・コンパクト・簡単操作で、安全にトラック荷台への昇降可能。,"70,000"
191580628,作業台,楽トラ,SP2838PJ,トラッキングH1388〜1628mm・17.7kg,https://img21.shop-pro.jp/PA01522/292/product/191580628.jpg,88900,手摺枠一体型昇降ステップで、安全環境をご提供。,"88,900"
191580629,作業台,ステップキューブ,SC50,ステップキューブW500×D500×H288〜503・6.6kg,https://img21.shop-pro.jp/PA01522/292/product/191580629.jpg,38500,独自の回転施工方式により、足場からの乗り出しがなく安全な設置・解体作業。,"38,500"
191580937,保安,カラーコーン,CC-R,カラーコーン赤　{1セット(20個)},https://img21.shop-pro.jp/PA01522/292/product/191580937.jpg,16900,,"16,900"
191580938,保安,カラーコーン,CC-B,カラーコーン青　{1セット(20個)},https://img21.shop-pro.jp/PA01522/292/product/191580938.jpg,16900,,"16,900"
191580939,保安,カラーコーン,CC-G,カラーコーン緑　{1セット(20個)},https://img21.shop-pro.jp/PA01522/292/product/191580939.jpg,16900,,"16,900"
191580940,保安,カラーコーン,CC-Y,カラーコーン黄　{1セット(20個)},https://img21.shop-pro.jp/PA01522/292/product/191580940.jpg,16900,,"16,900"
191580944,保安,カラーコーン,SC,スコッチコーン赤白　{1セット(20個)},https://img21.shop-pro.jp/PA01522/292/product/191580944.jpg,27040,,"27,040"
191580948,保安,カラーコーン,CB-15,コーンバー1.5m・黒黄　{1セット(20本)},https://img21.shop-pro.jp/PA01522/292/product/191580948.jpg,17900,,"17,900"
191580951,保安,カラーコーン,CB-20,コーンバー2.0m・黒黄　{1セット(20本)},https://img21.shop-pro.jp/PA01522/292/product/191580951.jpg,18590,,"18,590"
191580954,保安,カラーコーン,CW,コーンウェイト2kg {1セット(20本)},https://img21.shop-pro.jp/PA01522/292/product/191580954.jpg,16900,,"16,900"
191580955,保安,ガードフェンス,GF-001,ガードフェンス塗装品1800×1800mm・8kg オレンジ×黒,https://img21.shop-pro.jp/PA01522/292/product/191580955.jpg,4850,,"4,850"
191580956,保安,ガードフェンス,GF-002,ガードフェンス扉付き 塗装品1800×1800mm・12kg オレンジ×黒,https://img21.shop-pro.jp/PA01522/292/product/191580956.jpg,14900,,"14,900"
191580958,保安,ガードフェンス,GFM-001,ガードフェンスメッキ品1800×1800mm・16.5kg,https://img21.shop-pro.jp/PA01522/292/product/191580958.jpg,16560,,"16,560"
191580959,保安,ガードフェンス,GFM-002,ガードフェンス扉付き メッキ品1800×1800mm・18.5kg,https://img21.shop-pro.jp/PA01522/292/product/191580959.jpg,39700,,"39,700"
191580960,保安,ガードフェンス,GF-003,ハーフカードフェンス1800×900mm・6.2kg オレンジ×黒,https://img21.shop-pro.jp/PA01522/292/product/191580960.jpg,4850,,"4,850"
191580961,保安,ガードフェンス,GF-004,ミニガードフェンス1800×1200mm・7kg オレンジ×黒,https://img21.shop-pro.jp/PA01522/292/product/191580961.jpg,6900,,"6,900"
191580963,保安,ガードフェンス,GF-005,オールメッシュフェンス1800×900mm・8.0Kg オレンジ,https://img21.shop-pro.jp/PA01522/292/product/191580963.jpg,18700,,"18,700"
191580964,保安,ガードフェンス,FJ-001,フェンスジョイントΦ31.8mmフレーム適合 スチール・0.15kg {1セット(100個)},https://img21.shop-pro.jp/PA01522/292/product/191580964.jpg,55200,,"55,200"
191580966,保安,ガードフェンス,FJ-002,フェンスジョイント クランプ付きΦ31.8mmフレーム適合 スチール・0.6kg  {1セット(40個)},https://img21.shop-pro.jp/PA01522/292/product/191580966.jpg,22000,,"22,000"
191580967,保安,ガードフェンス,HK-001,H鋼用金具Φ31.8mmフレーム適合 スチール・0.4kg  {1セット(20個)},https://img21.shop-pro.jp/PA01522/292/product/191580967.jpg,33000,,"33,000"
191580968,保安,ガードフェンス,FS-001,フェンスサポート1500mm,https://img21.shop-pro.jp/PA01522/292/product/191580968.jpg,4900,,"4,900"
191580969,保安,ガードフェンス,CL-001,コンクリート足Φ280×H100mm Φ34・13kg,https://img21.shop-pro.jp/PA01522/292/product/191580969.jpg,1980,,"1,980"
191580970,保安,ガードフェンス,SL-001,鉄足(鋳物)L295×145×H90mm Φ34・9.8kg,https://img21.shop-pro.jp/PA01522/292/product/191580970.jpg,5520,,"5,520"
191580972,保安,ガードフェンス,MS-001,目隠しシート安全第一900×1700・紐付 ハト目12穴,https://img21.shop-pro.jp/PA01522/292/product/191580972.jpg,1220,,"1,220"
191580974,保安,ガードフェンス,MS-002,目隠しシート無地900×1700・紐付 ハト目12穴(無地),https://img21.shop-pro.jp/PA01522/292/product/191580974.jpg,1220,,"1,220"
191580976,保安,バリケード,AB-0812,A型バリケード1200×800mm・4.7Kg,https://img21.shop-pro.jp/PA01522/292/product/191580976.jpg,3300,,"3,300"
191580977,保安,バリケード,BW,バリケードウェイト170×510×180mm 10L,https://img21.shop-pro.jp/PA01522/292/product/191580977.jpg,2200,,"2,200"
191580979,保安,バリケード,TB-S,単管バリケード スチール840×790mm・4kg オレンジ,https://img21.shop-pro.jp/PA01522/292/product/191580979.jpg,3600,,"3,600"
191580981,保安,バリケード,TB-PG,単管バリケード プラスチック840×630mm・2kg グリーン,https://img21.shop-pro.jp/PA01522/292/product/191580981.jpg,2200,,"2,200"
191580982,保安,バリケード,TB-PY,単管バリケード プラスチック840×630mm・2kg イエロー,https://img21.shop-pro.jp/PA01522/292/product/191580982.jpg,2200,,"2,200"
191580983,保安,バリケード,TB-PR,単管バリケード プラスチック840×630mm・2kg レッド,https://img21.shop-pro.jp/PA01522/292/product/191580983.jpg,2200,,"2,200"
191580984,保安,バリケード,TB-PB,単管バリケード プラスチック840×630mm・2kg ブルー,https://img21.shop-pro.jp/PA01522/292/product/191580984.jpg,2200,,"2,200"
191580985,保安,バリケード,KYP-001,KYプラガードA型820×450×厚50mm・2.3kg  {1セット(10枚)},https://img21.shop-pro.jp/PA01522/292/product/191580985.jpg,55000,,"55,000"
191580986,保安,バリケード,KYP-002,KYプラガードA型(反射シート付)820×450×厚50mm・2.3kg(反射シート付) {1セット(10枚)},https://img21.shop-pro.jp/PA01522/292/product/191580986.jpg,70000,,"70,000"
191580987,保安,バリケード,KYP-003,KYおもし340×170×330mm・10L・グリーン,https://img21.shop-pro.jp/PA01522/292/product/191580987.jpg,4435,,"4,435"
191580989,保安,バリケード,KYP-004,KYおもし340×170×330mm・10L・イエロー,https://img21.shop-pro.jp/PA01522/292/product/191580989.jpg,4435,,"4,435"
191580990,保安,バリケード,RS-12,ロープスティック1200mm(一段) {1セット(10本)},https://img21.shop-pro.jp/PA01522/292/product/191580990.jpg,12000,,"12,000"
191580991,保安,バリケード,RS-15,ロープスティック1500mm(二段) {1セット(10本)},https://img21.shop-pro.jp/PA01522/292/product/191580991.jpg,13000,,"13,000"
191580992,保安,バリケード,TR-0950,トラロープ9×50m {1セット(5巻)},https://img21.shop-pro.jp/PA01522/292/product/191580992.jpg,31900,,"31,900"
191580993,保安,バリケード,TR-09100,トラロープ9×100m {1セット(5巻)},https://img21.shop-pro.jp/PA01522/292/product/191580993.jpg,62500,,"62,500"
191580994,保安,バリケード,TR-1250,トラロープ12×50m {1セット(10巻)},https://img21.shop-pro.jp/PA01522/292/product/191580994.jpg,85000,,"85,000"
191580996,保安,バリケード,TR-12100,トラロープ12×100m {1セット(5巻)},https://img21.shop-pro.jp/PA01522/292/product/191580996.jpg,84000,,"84,000"
191580997,保安,プラスチックフェンス,PF-R,プラスチックフェンス1000×1000×45mm 4kg・レッド　{1セット(5個)},https://img21.shop-pro.jp/PA01522/292/product/191580997.jpg,15200,,"15,200"
191580998,保安,プラスチックフェンス,PF-B,プラスチックフェンス1000×1000×45mm 4kg・ブルー　{1セット(5個)},https://img21.shop-pro.jp/PA01522/292/product/191580998.jpg,15200,,"15,200"
191580999,保安,プラスチックフェンス,PF-G,プラスチックフェンス1000×1000×45mm 4kg・グリーン　{1セット(5個)},https://img21.shop-pro.jp/PA01522/292/product/191580999.jpg,15200,,"15,200"
191581000,保安,プラスチックフェンス,PF-Y,プラスチックフェンス1000×1000×45mm 4kg・イエロー　{1セット(5個)},https://img21.shop-pro.jp/PA01522/292/product/191581000.jpg,15200,,"15,200"
191581001,保安,プラスチックフェンス,TB-9L,タンクベース320Φ×125mm・9L {1セット(20個)},https://img21.shop-pro.jp/PA01522/292/product/191581001.jpg,39000,,"39,000"
191581002,保安,プラスチックフェンス,PFJ,フェンスジョイント102×55×60mm {1セット(100個)},https://img21.shop-pro.jp/PA01522/292/product/191581002.jpg,44850,,"44,850"
191581003,保安,プラスチックフェンス,KYFS,KYフェンス1200×2500mm・2kg グリーン　{1セット(5個)},https://img21.shop-pro.jp/PA01522/292/product/191581003.jpg,41400,,"41,400"
191581004,保安,プラスチックフェンス,KYP-003-2,KYおもし340×170×330mm 10L・グリーン　{1セット(10個)},https://img21.shop-pro.jp/PA01522/292/product/191581004.jpg,29600,,"29,600"
191581005,保安,プラスチックフェンス,KYP-004-2,KYおもし340×170×330mm 10L・イエロー　{1セット(10個)},https://img21.shop-pro.jp/PA01522/292/product/191581005.jpg,29600,,"29,600"
191581007,仮設足場材,パイプ類,SM-1.0,先メッキ 単管パイプ長さ 1m・厚2.4mm・2.73kg(先メッキ),https://img21.shop-pro.jp/PA01522/292/product/191581007.jpg,2000,ＳＴＫ500 先メッキ/ドブメッキが有ります。,"2,000"
191581008,仮設足場材,パイプ類,SM-1.5,先メッキ 単管パイプ長さ 1.5m・厚2.4mm・4.10kg(先メッキ),https://img21.shop-pro.jp/PA01522/292/product/191581008.jpg,1410,ＳＴＫ500 先メッキ/ドブメッキが有ります。,"1,410"
191581009,仮設足場材,パイプ類,SM-2.0,先メッキ 単管パイプ長さ 2m・厚2.4mm・5.46kg(先メッキ),https://img21.shop-pro.jp/PA01522/292/product/191581009.jpg,1880,ＳＴＫ500 先メッキ/ドブメッキが有ります。,"1,880"
191581011,仮設足場材,パイプ類,SM-2.5,先メッキ 単管パイプ長さ 2.5m・厚2.4mm・6.83kg(先メッキ),https://img21.shop-pro.jp/PA01522/292/product/191581011.jpg,2350,ＳＴＫ500 先メッキ/ドブメッキが有ります。,"2,350"
191581012,仮設足場材,パイプ類,SM-3.0,先メッキ 単管パイプ長さ 3m・厚2.4mm・8.19kg(先メッキ),https://img21.shop-pro.jp/PA01522/292/product/191581012.jpg,2820,ＳＴＫ500 先メッキ/ドブメッキが有ります。,"2,820"
191581013,仮設足場材,パイプ類,SM-3.5,先メッキ 単管パイプ長さ 3.5m・厚2.4mm・9.56kg(先メッキ),https://img21.shop-pro.jp/PA01522/292/product/191581013.jpg,3290,ＳＴＫ500 先メッキ/ドブメッキが有ります。,"3,290"
191581014,仮設足場材,パイプ類,SM-4.0,先メッキ 単管パイプ長さ 4.0m・厚2.4mm・10.92kg(先メッキ),https://img21.shop-pro.jp/PA01522/292/product/191581014.jpg,3760,ＳＴＫ500 先メッキ/ドブメッキが有ります。,"3,760"
191581015,仮設足場材,パイプ類,SM-4.5,先メッキ 単管パイプ長さ 4.5m・厚2.4mm・12.29kg(先メッキ),https://img21.shop-pro.jp/PA01522/292/product/191581015.jpg,4230,ＳＴＫ500 先メッキ/ドブメッキが有ります。,"4,230"
191581016,仮設足場材,パイプ類,SM-5.0,先メッキ 単管パイプ長さ 5m・厚2.4mm・13.65kg(先メッキ),https://img21.shop-pro.jp/PA01522/292/product/191581016.jpg,4700,ＳＴＫ500 先メッキ/ドブメッキが有ります。,"4,700"
191581018,仮設足場材,パイプ類,SM-5.5,先メッキ 単管パイプ長さ 5.5m・厚2.4mm・15.02kg(先メッキ),https://img21.shop-pro.jp/PA01522/292/product/191581018.jpg,5170,ＳＴＫ500 先メッキ/ドブメッキが有ります。,"5,170"
191581020,仮設足場材,パイプ類,SM-6.0,先メッキ 単管パイプ長さ 6m・厚2.4mm・16.38kg(先メッキ),https://img21.shop-pro.jp/PA01522/292/product/191581020.jpg,5640,ＳＴＫ500 先メッキ/ドブメッキが有ります。,"5,640"
191581021,仮設足場材,パイプ類,DM-1.0,ドブメッキ 単管パイプ長さ 1m・厚2.4mm・2.73kg(ドブメッキ),https://img21.shop-pro.jp/PA01522/292/product/191581021.jpg,1140,ＳＴＫ500 先メッキ/ドブメッキが有ります。,"1,140"
191581022,仮設足場材,パイプ類,DM-1.5,ドブメッキ 単管パイプ長さ 1.5m・厚2.4mm・4.10kg(ドブメッキ),https://img21.shop-pro.jp/PA01522/292/product/191581022.jpg,1710,ＳＴＫ500 先メッキ/ドブメッキが有ります。,"1,710"
191581023,仮設足場材,パイプ類,DM-2.0,ドブメッキ 単管パイプ長さ 2m・厚2.4mm・5.46kg(ドブメッキ),https://img21.shop-pro.jp/PA01522/292/product/191581023.jpg,2280,ＳＴＫ500 先メッキ/ドブメッキが有ります。,"2,280"
191581024,仮設足場材,パイプ類,DM-2.5,ドブメッキ 単管パイプ長さ 2.5m・厚2.4mm・6.83kg(ドブメッキ),https://img21.shop-pro.jp/PA01522/292/product/191581024.jpg,2850,ＳＴＫ500 先メッキ/ドブメッキが有ります。,"2,850"
191581025,仮設足場材,パイプ類,DM-3.0,ドブメッキ 単管パイプ長さ 3m・厚2.4mm・8.19kg(ドブメッキ),https://img21.shop-pro.jp/PA01522/292/product/191581025.jpg,3420,ＳＴＫ500 先メッキ/ドブメッキが有ります。,"3,420"
191581026,仮設足場材,パイプ類,DM-3.5,ドブメッキ 単管パイプ長さ 3.5m・厚2.4mm・9.56kg(ドブメッキ),https://img21.shop-pro.jp/PA01522/292/product/191581026.jpg,3990,ＳＴＫ500 先メッキ/ドブメッキが有ります。,"3,990"
191581027,仮設足場材,パイプ類,DM-4.0,ドブメッキ 単管パイプ長さ 4.0m・厚2.4mm・10.92kg(ドブメッキ),https://img21.shop-pro.jp/PA01522/292/product/191581027.jpg,4560,ＳＴＫ500 先メッキ/ドブメッキが有ります。,"4,560"
191581028,仮設足場材,パイプ類,DM-4.5,ドブメッキ 単管パイプ長さ 4.5m・厚2.4mm・12.29kg(ドブメッキ),https://img21.shop-pro.jp/PA01522/292/product/191581028.jpg,5130,ＳＴＫ500 先メッキ/ドブメッキが有ります。,"5,130"
191581029,仮設足場材,パイプ類,DM-5.0,ドブメッキ 単管パイプ長さ 5m・厚2.4mm・13.65kg(ドブメッキ),https://img21.shop-pro.jp/PA01522/292/product/191581029.jpg,5700,ＳＴＫ500 先メッキ/ドブメッキが有ります。,"5,700"
191581030,仮設足場材,パイプ類,DM-5.5,ドブメッキ 単管パイプ長さ 5.5m・厚2.4mm・15.02kg(ドブメッキ),https://img21.shop-pro.jp/PA01522/292/product/191581030.jpg,6270,ＳＴＫ500 先メッキ/ドブメッキが有ります。,"6,270"
191581031,仮設足場材,パイプ類,DM-6.0,ドブメッキ 単管パイプ長さ 6m・厚2.4mm・16.38kg(ドブメッキ),https://img21.shop-pro.jp/PA01522/292/product/191581031.jpg,6840,ＳＴＫ500 先メッキ/ドブメッキが有ります。,"6,840"
191581032,仮設足場材,パイプ類,KUM-1100,くい丸長 1100×Φ48.6×鋼管肉厚2.4mm・3.0kg,https://img21.shop-pro.jp/PA01522/292/product/191581032.jpg,1140,引抜き・押込み強度に優れた打ち込みくい専用材 引抜き・押込み抵抗力2.5倍・・・単管杭に比べておよそ2.5倍の抵抗力を誇…,"1,140"
191581035,仮設足場材,パイプ類,KUM-1500,くい丸長 1500×Φ48.6×鋼管肉厚2.4mm・4.0kg,https://img21.shop-pro.jp/PA01522/292/product/191581035.jpg,1700,引抜き・押込み強度に優れた打ち込みくい専用材 引抜き・押込み抵抗力2.5倍・・・単管杭に比べておよそ2.5倍の抵抗力を誇…,"1,700"
191581036,仮設足場材,パイプ類,KUM-2000,くい丸長 2000×Φ48.6×鋼管肉厚2.4mm・5.5kg,https://img21.shop-pro.jp/PA01522/292/product/191581036.jpg,2280,引抜き・押込み強度に優れた打ち込みくい専用材 引抜き・押込み抵抗力2.5倍・・・単管杭に比べておよそ2.5倍の抵抗力を誇…,"2,280"
191581038,仮設足場材,パイプ類,SK-100N48,打ち込みパイプ長1000×Φ48.6ｍｍ・3.0kg,https://img21.shop-pro.jp/PA01522/292/product/191581038.jpg,1680,48.6Φのパイプに打込み部と先端部に鋳物製パーツを採用しています。,"1,680"
191581039,仮設足場材,パイプ類,SK-150N48,打ち込みパイプ長1500×Φ48.6ｍｍ・4.2kg,https://img21.shop-pro.jp/PA01522/292/product/191581039.jpg,2020,48.6Φのパイプに打込み部と先端部に鋳物製パーツを採用しています。,"2,020"
191581040,仮設足場材,クランプ類,KTCL,兼用クランプ直交Φ48.6/42.7兼用・0.75kg(直交) {1セット(30個)},https://img21.shop-pro.jp/PA01522/292/product/191581040.jpg,9810,,"9,810"
191581041,仮設足場材,クランプ類,KZCL,兼用クランプ自在Φ48.6/42.7兼用・0.75kg(自在) {1セット(30個)},https://img21.shop-pro.jp/PA01522/292/product/191581041.jpg,9810,,"9,810"
191581042,仮設足場材,クランプ類,TTCL,48.6Φクランプ直交Φ48.6専用・0.74Kg(直交) {1セット(30個)},https://img21.shop-pro.jp/PA01522/292/product/191581042.jpg,12420,,"12,420"
191581043,仮設足場材,クランプ類,TZCL,48.6Φクランプ自在Φ48.6専用・0.74Kg(自在) {1セット(30個)},https://img21.shop-pro.jp/PA01522/292/product/191581043.jpg,12420,,"12,420"
191581044,仮設足場材,クランプ類,3TTL,三連クランプ直交Φ48.6専用・1.10Kg(直交) {1セット(20個)},https://img21.shop-pro.jp/PA01522/292/product/191581044.jpg,12100,,"12,100"
191581045,仮設足場材,クランプ類,3TZL,三連クランプ自在Φ48.6専用・1.10Kg(自在) {1セット(20個)},https://img21.shop-pro.jp/PA01522/292/product/191581045.jpg,12100,,"12,100"
191581047,仮設足場材,クランプ類,TCHCL,吊りチェーンクランプハサミしろ6〜30mm・0.8kg・H鋼用　{1セット(20個)},https://img21.shop-pro.jp/PA01522/292/product/191581047.jpg,23460,,"23,460"
191581048,仮設足場材,クランプ類,KMTCL,角丸クランプ直交60角×Φ48.6・0.92kg {1セット(20個)},https://img21.shop-pro.jp/PA01522/292/product/191581048.jpg,17600,,"17,600"
191581050,仮設足場材,クランプ類,KMZCL,角丸クランプ自在60角×Φ48.6・0.92kg {1セット(20個)},https://img21.shop-pro.jp/PA01522/292/product/191581050.jpg,17600,,"17,600"
191581051,仮設足場材,クランプ類,KKTCL,角角クランプ直交60角×60角・0.92kg {1セット(15個)},https://img21.shop-pro.jp/PA01522/292/product/191581051.jpg,15000,,"15,000"
191581052,仮設足場材,クランプ類,KKZCL,角角クランプ自在60角×60角・0.92kg  {1セット(15個)},https://img21.shop-pro.jp/PA01522/292/product/191581052.jpg,15000,,"15,000"
191581053,仮設足場材,クランプ類,MTCCL,マイティキャッチクランプ固定・自在・垂直・水平・48.6Φ・42.7Φ兼用　 {1セット(20個)},https://img21.shop-pro.jp/PA01522/292/product/191581053.jpg,30360,,"30,360"
191581054,仮設足場材,クランプ類,KGTCL,"コ型クランプ固定ハサミしろ6〜30mm・垂直,水平,48.6Φ,42.7Φ兼用・1.0kg(固定)  {1セット(15個)}",https://img21.shop-pro.jp/PA01522/292/product/191581054.jpg,20175,,"20,175"
191581055,仮設足場材,クランプ類,KGZCL,"コ型クランプ自在ハサミしろ6〜30mm・垂直,水平,48.6Φ,42.7Φ兼用・1.0kg(自在) {1セット(15個)}",https://img21.shop-pro.jp/PA01522/292/product/191581055.jpg,20175,,"20,175"
191581056,仮設足場材,クランプ類,TKKCL,垂木止めクランプ固定Φ48.6/42.7兼用・0.4kg(固定) {1セット(50個)},https://img21.shop-pro.jp/PA01522/292/product/191581056.jpg,17250,,"17,250"
191581057,仮設足場材,クランプ類,TKZCL,垂木止めクランプ自在Φ48.6/42.7兼用・0.4kg(自在) {1セット(50個)},https://img21.shop-pro.jp/PA01522/292/product/191581057.jpg,17250,,"17,250"
191581059,仮設足場材,クランプ類,TKHCL,垂木止めクランプ平行Φ48.6/42.7兼用・0.4kg {1セット(50個)},https://img21.shop-pro.jp/PA01522/292/product/191581059.jpg,17250,,"17,250"
191581060,仮設足場材,ジョイント類,STJ,直線ジョイント48.6Φ用・0.55kg {1セット(30個)},https://img21.shop-pro.jp/PA01522/292/product/191581060.jpg,9300,単管パイプのジョイントに。,"9,300"
191581061,仮設足場材,ジョイント類,BNJ,ボンジョイント48.6Φ用・0.6kg {1セット(30個)},https://img21.shop-pro.jp/PA01522/292/product/191581061.jpg,9300,ボンジョイント：足場には使用出来ません。,"9,300"
191581062,仮設足場材,ジョイント類,ROJ,ロックジョイント48.6Φ用・0.7kg {1セット(30個)},https://img21.shop-pro.jp/PA01522/292/product/191581062.jpg,12420,ボンジョイント：足場には使用出来ません。,"12,420"
191581063,仮設足場材,ベース類,SK-14,固定ベースΦ48.6用・120角・0.75kg {1セット(25個)},https://img21.shop-pro.jp/PA01522/292/product/191581063.jpg,9500,,"9,500"
191581064,仮設足場材,ベース類,JB-380L,ジャッキベースΦ34×380・140角・3.3kg {1セット(6個)},https://img21.shop-pro.jp/PA01522/292/product/191581064.jpg,8100,,"8,100"
191581067,仮設足場材,壁つなぎ類,2段A型,壁つなぎ使用幅250〜420mm・1.2kg,https://img21.shop-pro.jp/PA01522/292/product/191581067.jpg,2320,半球状の先端ボルトで力を分布しかつ全方向をカバー幅広いサイズ調整が可能。,"2,320"
191581069,仮設足場材,壁つなぎ類,2段B型,壁つなぎ使用幅380〜760mm・1.6kg,https://img21.shop-pro.jp/PA01522/292/product/191581069.jpg,3020,半球状の先端ボルトで力を分布しかつ全方向をカバー幅広いサイズ調整が可能。,"3,020"
191581071,仮設足場材,壁つなぎ類,2段C型,壁つなぎ使用幅680〜1060mm・2.2kg,https://img21.shop-pro.jp/PA01522/292/product/191581071.jpg,3865,半球状の先端ボルトで力を分布しかつ全方向をカバー幅広いサイズ調整が可能。,"3,865"
191581075,仮設足場材,壁つなぎ類,1303型,壁つなぎ使用幅135〜160mm・0.68kg,https://img21.shop-pro.jp/PA01522/292/product/191581075.jpg,1720,半球状の先端ボルトで力を分布しかつ全方向をカバー幅広いサイズ調整が可能。,"1,720"
191581078,仮設足場材,壁つなぎ類,1503型,壁つなぎ使用幅150〜180mm・0.76kg,https://img21.shop-pro.jp/PA01522/292/product/191581078.jpg,1630,半球状の先端ボルトで力を分布しかつ全方向をカバー幅広いサイズ調整が可能。,"1,630"
191581081,仮設足場材,壁つなぎ類,1608型,壁つなぎ使用幅160〜240mm・0.8kg,https://img21.shop-pro.jp/PA01522/292/product/191581081.jpg,1795,半球状の先端ボルトで力を分布しかつ全方向をカバー幅広いサイズ調整が可能。,"1,795"
191581082,仮設足場材,壁つなぎ類,1806型,壁つなぎ使用幅180〜240mm・0.83kg,https://img21.shop-pro.jp/PA01522/292/product/191581082.jpg,1630,半球状の先端ボルトで力を分布しかつ全方向をカバー幅広いサイズ調整が可能。,"1,630"
191581083,仮設足場材,壁つなぎ類,自在1型,壁つなぎ使用幅240〜320mm・0.94kg,https://img21.shop-pro.jp/PA01522/292/product/191581083.jpg,1630,半球状の先端ボルトで力を分布しかつ全方向をカバー幅広いサイズ調整が可能。,"1,630"
191581086,仮設足場材,壁つなぎ類,自在2型,壁つなぎ使用幅280〜400mm・1.04kg,https://img21.shop-pro.jp/PA01522/292/product/191581086.jpg,1950,半球状の先端ボルトで力を分布しかつ全方向をカバー幅広いサイズ調整が可能。,"1,950"
191581087,仮設足場材,壁つなぎ類,自在3型,壁つなぎ使用幅370〜560mm・1.2kg,https://img21.shop-pro.jp/PA01522/292/product/191581087.jpg,2170,半球状の先端ボルトで力を分布しかつ全方向をカバー幅広いサイズ調整が可能。,"2,170"
191581089,仮設足場材,壁つなぎ類,自在4型,壁つなぎ使用幅550〜740mm・1.5kg,https://img21.shop-pro.jp/PA01522/292/product/191581089.jpg,2795,半球状の先端ボルトで力を分布しかつ全方向をカバー幅広いサイズ調整が可能。,"2,795"
191581091,仮設足場材,壁つなぎ類,OMI-C,ワンマンインサートC型：仕上げタイプ・0.16kg,https://img21.shop-pro.jp/PA01522/292/product/191581091.jpg,2000,壁つなぎ専用インサート 引張、圧縮共 4410Ｎ（450kgf) ワンマンインサート：穴あけ及び取付の作業が全て一人で出…,"2,000"
191581092,仮設足場材,壁つなぎ類,OMI-B,ワンマンインサートB型：打放し：モルタル詰めタイプ・0.17kg,https://img21.shop-pro.jp/PA01522/292/product/191581092.jpg,2000,壁つなぎ専用インサート 引張、圧縮共 4410Ｎ（450kgf) ワンマンインサート：穴あけ及び取付の作業が全て一人で出…,"2,000"
191581093,仮設足場材,壁つなぎ類,OMI-Z,ワンマンインサートZ型：打放し：プラグ打込みタイプ・0.16kg,https://img21.shop-pro.jp/PA01522/292/product/191581093.jpg,2000,壁つなぎ専用インサート 引張、圧縮共 4410Ｎ（450kgf) ワンマンインサート：穴あけ及び取付の作業が全て一人で出…,"2,000"
191581094,仮設足場材,壁つなぎ類,UKJ,打込みキーパージョイント壁つなぎ専用インサート・0.14kg,https://img21.shop-pro.jp/PA01522/292/product/191581094.jpg,2000,壁つなぎ専用インサート 引張、圧縮共 4410Ｎ（450kgf) ワンマンインサート：穴あけ及び取付の作業が全て一人で出…,"2,000"
191581095,仮設足場材,壁つなぎ類,GCJO,がっちりジョイント0.69kg,https://img21.shop-pro.jp/PA01522/292/product/191581095.jpg,2630,鉄骨からの壁つなぎ専用金具 高張力鋼のくぼみ先ボルトにより、鉄骨フランジに確実に取り付けられ、しかも簡単です。,"2,630"
191581098,仮設足場材,パイプサポート,SF-90CZ,フラワーサポート3940〜2620mm・14.5kg,https://img21.shop-pro.jp/PA01522/292/product/191581098.jpg,8900,パイプサポート国内シェアNo.1 フラワーサポート 表面処理はドブメッキ 花柄の受板にプレス加工を施し、建て込み時の安定…,"8,900"
191581099,仮設足場材,パイプサポート,SF-70CZ,フラワーサポート3440〜2120mm・13.0kg,https://img21.shop-pro.jp/PA01522/292/product/191581099.jpg,8000,パイプサポート国内シェアNo.1 フラワーサポート 表面処理はドブメッキ 花柄の受板にプレス加工を施し、建て込み時の安定…,"8,000"
191581100,仮設足場材,パイプサポート,SF-60CZ,フラワーサポート3040〜1720mm・12.0kg,https://img21.shop-pro.jp/PA01522/292/product/191581100.jpg,5880,パイプサポート国内シェアNo.1 フラワーサポート 表面処理はドブメッキ 花柄の受板にプレス加工を施し、建て込み時の安定…,"5,880"
191581101,仮設足場材,パイプサポート,SF-50CZ,フラワーサポート2590〜1520mm・10.5kg,https://img21.shop-pro.jp/PA01522/292/product/191581101.jpg,5700,パイプサポート国内シェアNo.1 フラワーサポート 表面処理はドブメッキ 花柄の受板にプレス加工を施し、建て込み時の安定…,"5,700"
191581102,仮設足場材,パイプサポート,SF-40CZ,フラワーサポート1995〜1220mm・9.0kg,https://img21.shop-pro.jp/PA01522/292/product/191581102.jpg,5200,パイプサポート国内シェアNo.1 フラワーサポート 表面処理はドブメッキ 花柄の受板にプレス加工を施し、建て込み時の安定…,"5,200"
191581103,仮設足場材,パイプサポート,SF-30CZ,フラワーサポート1415〜920mm・7.0kg,https://img21.shop-pro.jp/PA01522/292/product/191581103.jpg,4700,パイプサポート国内シェアNo.1 フラワーサポート 表面処理はドブメッキ 花柄の受板にプレス加工を施し、建て込み時の安定…,"4,700"
191581104,仮設足場材,パイプサポート,SF-20CZ,フラワーサポート940〜620mm・5.5kg,https://img21.shop-pro.jp/PA01522/292/product/191581104.jpg,4400,パイプサポート国内シェアNo.1 フラワーサポート 表面処理はドブメッキ 花柄の受板にプレス加工を施し、建て込み時の安定…,"4,400"
191581105,仮設足場材,パイプサポート,SF-15CZ,フラワーサポート620〜210mm・4.5kg,https://img21.shop-pro.jp/PA01522/292/product/191581105.jpg,4400,パイプサポート国内シェアNo.1 フラワーサポート 表面処理はドブメッキ 花柄の受板にプレス加工を施し、建て込み時の安定…,"4,400"
191581107,仮設足場材,パイプサポート,SF-10CZ,フラワーサポート440〜320mm・4.0kg,https://img21.shop-pro.jp/PA01522/292/product/191581107.jpg,4400,パイプサポート国内シェアNo.1 フラワーサポート 表面処理はドブメッキ 花柄の受板にプレス加工を施し、建て込み時の安定…,"4,400"
191581108,仮設足場材,足場板,KTN-4EG,鋼製足場板長4000×幅250×厚40mm・13.2kg,https://img21.shop-pro.jp/PA01522/292/product/191581108.jpg,7200,高張力亜鉛メッキ鋼板を使用し、強度・耐久性などすぐれた性能を発揮しています。,"7,200"
191581109,仮設足場材,足場板,KTN-3EG,鋼製足場板長3000×幅250×厚40mm・10.1kg,https://img21.shop-pro.jp/PA01522/292/product/191581109.jpg,6075,高張力亜鉛メッキ鋼板を使用し、強度・耐久性などすぐれた性能を発揮しています。,"6,075"
191581111,仮設足場材,足場板,KTN-2EG,鋼製足場板長2000×幅250×厚40mm・6.8kg,https://img21.shop-pro.jp/PA01522/292/product/191581111.jpg,4850,高張力亜鉛メッキ鋼板を使用し、強度・耐久性などすぐれた性能を発揮しています。,"4,850"
191581114,仮設足場材,足場板,AD-34,アルミ足場板4000×240×厚31mm・7.8kg,https://img21.shop-pro.jp/PA01522/292/product/191581114.jpg,12780,足場板最軽量タイプ！仮設工業会認定品。,"12,780"
191581116,仮設足場材,足場板,AD-33,アルミ足場板3000×240×厚31mm・5.8kg,https://img21.shop-pro.jp/PA01522/292/product/191581116.jpg,10080,足場板最軽量タイプ！仮設工業会認定品。,"10,080"
191581118,仮設足場材,足場板,AD-32,アルミ足場板2000×240×厚31mm・3.9kg,https://img21.shop-pro.jp/PA01522/292/product/191581118.jpg,7380,足場板最軽量タイプ！仮設工業会認定品。,"7,380"
191581119,仮設足場材,タラップボード,ALTK518S,タラップボード(インチ)1829×500mm・17.7kg,https://img21.shop-pro.jp/PA01522/292/product/191581119.jpg,61800,５００mm幅の余裕の作業床に部分開閉ハッチと梯子を装着。,"61,800"
191581120,仮設足場材,タラップボード,ALTK515S,タラップボード(インチ)1524×500mm・15.8kg,https://img21.shop-pro.jp/PA01522/292/product/191581120.jpg,64400,５００mm幅の余裕の作業床に部分開閉ハッチと梯子を装着。,"64,400"
191581121,仮設足場材,タラップボード,ALTK512S,タラップボード(インチ)1219×500mm・14.1kg,https://img21.shop-pro.jp/PA01522/292/product/191581121.jpg,57960,５００mm幅の余裕の作業床に部分開閉ハッチと梯子を装着。,"57,960"
191581122,仮設足場材,タラップボード,ALTK509S,タラップボード(インチ)914×500mm・12.5kg,https://img21.shop-pro.jp/PA01522/292/product/191581122.jpg,57960,５００mm幅の余裕の作業床に部分開閉ハッチと梯子を装着。,"57,960"
191581125,仮設足場材,タラップボード,ALTKM518S,タラップボード(メーター)1800×500mm・17.5kg,https://img21.shop-pro.jp/PA01522/292/product/191581125.jpg,61800,５００mm幅の余裕の作業床に部分開閉ハッチと梯子を装着。,"61,800"
191581126,仮設足場材,タラップボード,ALTKM515S,タラップボード(メーター)1500×500mm・15.7kg,https://img21.shop-pro.jp/PA01522/292/product/191581126.jpg,64400,５００mm幅の余裕の作業床に部分開閉ハッチと梯子を装着。,"64,400"
191581127,仮設足場材,タラップボード,ALTKM512S,タラップボード(メーター)1200×500mm・14.0kg,https://img21.shop-pro.jp/PA01522/292/product/191581127.jpg,57960,５００mm幅の余裕の作業床に部分開閉ハッチと梯子を装着。,"57,960"
191581128,仮設足場材,タラップボード,ALTKM509S,タラップボード(メーター)900×500mm・12.4kg,https://img21.shop-pro.jp/PA01522/292/product/191581128.jpg,57960,５００mm幅の余裕の作業床に部分開閉ハッチと梯子を装着。,"57,960"
191581129,仮設足場材,OKマット/LBマット,OKM-001,OKマット450×2000mm・6kg,https://img21.shop-pro.jp/PA01522/292/product/191581129.jpg,14400,配筋作業コンクリート打設作業用簡易足場。,"14,400"
191581130,仮設足場材,防音パネル,SX4-18I,防音パネル(インチ)1819×862×厚40mm・10kg,https://img21.shop-pro.jp/PA01522/292/product/191581130.jpg,25200,環境にやさしい新タイプのパネル 段付構造防音パネル 輸送効率・保管効率：段付構造効果で約２倍になります。,"25,200"
191581132,仮設足場材,防音パネル,SX4-15I,防音パネル(インチ)1514×862×厚40mm・8.6kg,https://img21.shop-pro.jp/PA01522/292/product/191581132.jpg,25200,環境にやさしい新タイプのパネル 段付構造防音パネル 輸送効率・保管効率：段付構造効果で約２倍になります。,"25,200"
191581133,仮設足場材,防音パネル,SX4-12I,防音パネル(インチ)1209×862×厚40mm・7.1kg,https://img21.shop-pro.jp/PA01522/292/product/191581133.jpg,25200,環境にやさしい新タイプのパネル 段付構造防音パネル 輸送効率・保管効率：段付構造効果で約２倍になります。,"25,200"
191581137,仮設足場材,防音パネル,SX4-09I,防音パネル(インチ)904×862×厚40mm・5.6kg,https://img21.shop-pro.jp/PA01522/292/product/191581137.jpg,22500,環境にやさしい新タイプのパネル 段付構造防音パネル 輸送効率・保管効率：段付構造効果で約２倍になります。,"22,500"
191581138,仮設足場材,防音パネル,SX4-06I,防音パネル(インチ)600×862×厚40mm・4.2kg,https://img21.shop-pro.jp/PA01522/292/product/191581138.jpg,19800,環境にやさしい新タイプのパネル 段付構造防音パネル 輸送効率・保管効率：段付構造効果で約２倍になります。,"19,800"
191581139,仮設足場材,防音パネル,SX4-CI,防音パネル(インチ/コーナー用)115×862×厚40mm・1.5kg,https://img21.shop-pro.jp/PA01522/292/product/191581139.jpg,33600,環境にやさしい新タイプのパネル 段付構造防音パネル 輸送効率・保管効率：段付構造効果で約２倍になります。,"33,600"
191581140,仮設足場材,防音パネル,SX3-18I,防音パネル(インチ/採光タイプ)1819×862×厚40mm・10.7kg,https://img21.shop-pro.jp/PA01522/292/product/191581140.jpg,30600,環境にやさしい新タイプのパネル 段付構造防音パネル 輸送効率・保管効率：段付構造効果で約２倍になります。,"30,600"
191581141,仮設足場材,防音パネル,SX4-18M,防音パネル(メーター)1790×850×厚40mm・9.8kg,https://img21.shop-pro.jp/PA01522/292/product/191581141.jpg,25200,環境にやさしい新タイプのパネル 段付構造防音パネル 輸送効率・保管効率：段付構造効果で約２倍になります。,"25,200"
191581144,仮設足場材,防音パネル,SX4-15M,防音パネル(メーター)1490×850×厚40mm・8.4kg,https://img21.shop-pro.jp/PA01522/292/product/191581144.jpg,25200,環境にやさしい新タイプのパネル 段付構造防音パネル 輸送効率・保管効率：段付構造効果で約２倍になります。,"25,200"
191581145,仮設足場材,防音パネル,SX4-12M,防音パネル(メーター)1190×850×厚40mm・6.9kg,https://img21.shop-pro.jp/PA01522/292/product/191581145.jpg,25200,環境にやさしい新タイプのパネル 段付構造防音パネル 輸送効率・保管効率：段付構造効果で約２倍になります。,"25,200"
191581146,仮設足場材,防音パネル,SX4-09M,防音パネル(メーター)890×850×厚40mm・5.5kg,https://img21.shop-pro.jp/PA01522/292/product/191581146.jpg,22500,環境にやさしい新タイプのパネル 段付構造防音パネル 輸送効率・保管効率：段付構造効果で約２倍になります。,"22,500"
191581147,仮設足場材,防音パネル,SX4-06M,防音パネル(メーター)590×850×厚40mm・4.1kg,https://img21.shop-pro.jp/PA01522/292/product/191581147.jpg,19800,環境にやさしい新タイプのパネル 段付構造防音パネル 輸送効率・保管効率：段付構造効果で約２倍になります。,"19,800"
191581149,仮設足場材,防音パネル,SX4-CM,防音パネル(メーター/コーナー用)115×850×厚40mm・1.5kg,https://img21.shop-pro.jp/PA01522/292/product/191581149.jpg,10800,環境にやさしい新タイプのパネル 段付構造防音パネル 輸送効率・保管効率：段付構造効果で約２倍になります。,"10,800"
191581150,仮設足場材,防音パネル,SX3-18M,防音パネル(メーター/採光タイプ)1790×850×厚40mm・10.4kg,https://img21.shop-pro.jp/PA01522/292/product/191581150.jpg,2000,環境にやさしい新タイプのパネル 段付構造防音パネル 輸送効率・保管効率：段付構造効果で約２倍になります。,"2,000"
191581152,仮設足場材,防音パネル,SX4-18IK,防音パネル(クサビ用)1819×900×厚40mm・10.4kg,https://img21.shop-pro.jp/PA01522/292/product/191581152.jpg,2000,環境にやさしい新タイプのパネル 段付構造防音パネル 輸送効率・保管効率：段付構造効果で約２倍になります。,"2,000"
191581153,仮設足場材,防音パネル,SX4-15IK,防音パネル(クサビ用)1514×900×厚40mm・8.9kg,https://img21.shop-pro.jp/PA01522/292/product/191581153.jpg,2000,環境にやさしい新タイプのパネル 段付構造防音パネル 輸送効率・保管効率：段付構造効果で約２倍になります。,"2,000"
191581155,仮設足場材,防音パネル,SX4-12IK,防音パネル(クサビ用)1209×900×厚40mm・7.3kg,https://img21.shop-pro.jp/PA01522/292/product/191581155.jpg,2000,環境にやさしい新タイプのパネル 段付構造防音パネル 輸送効率・保管効率：段付構造効果で約２倍になります。,"2,000"
191581156,仮設足場材,防音パネル,SX4-09IK,防音パネル(クサビ用)904×900×厚40mm・5.8kg,https://img21.shop-pro.jp/PA01522/292/product/191581156.jpg,2000,環境にやさしい新タイプのパネル 段付構造防音パネル 輸送効率・保管効率：段付構造効果で約２倍になります。,"2,000"
191581157,仮設足場材,防音パネル,SX4-06IK,防音パネル(クサビ用)600×900×厚40mm・4.3kg,https://img21.shop-pro.jp/PA01522/292/product/191581157.jpg,2000,環境にやさしい新タイプのパネル 段付構造防音パネル 輸送効率・保管効率：段付構造効果で約２倍になります。,"2,000"
191581158,仮設足場材,防音パネル,SX4-CIK,防音パネル(クサビ用/コーナー用)115×900×厚40mm・1.6kg,https://img21.shop-pro.jp/PA01522/292/product/191581158.jpg,2000,環境にやさしい新タイプのパネル 段付構造防音パネル 輸送効率・保管効率：段付構造効果で約２倍になります。,"2,000"
191581159,仮設足場材,防音パネル,SX3-18IK,防音パネル(クサビ用/採光タイプ)1819×900×厚40mm・11.1kg,https://img21.shop-pro.jp/PA01522/292/product/191581159.jpg,2000,環境にやさしい新タイプのパネル 段付構造防音パネル 輸送効率・保管効率：段付構造効果で約２倍になります。,"2,000"
191581160,仮設足場材,防音パネル,YJCL-001,防音パネル用クランプ二つ爪・0.46kg （最低発注数30）,https://img21.shop-pro.jp/PA01522/292/product/191581160.jpg,2000,カタログはこちらからダンロードできます。,"2,000"
191581161,仮設足場材,防音パネル,YJCL-002,防音パネル用クランプコーナー用・0.5kg （最低発注数30）,https://img21.shop-pro.jp/PA01522/292/product/191581161.jpg,2000,カタログはこちらからダンロードできます。,"2,000"
191581162,仮設足場材,防音パネル,YJCL-003,防音パネル用クランプ三つ爪・0.48kg （最低発注数30）,https://img21.shop-pro.jp/PA01522/292/product/191581162.jpg,2000,カタログはこちらからダンロードできます。,"2,000"
191581163,仮設足場材,型枠材,334008,KSガッツ29W21.0kg {1セット(100個)},https://img21.shop-pro.jp/PA01522/292/product/191581163.jpg,17000,袋状絞り加工により、抜群の強度を発揮。,"17,000"
191581164,仮設足場材,型枠材,334009,KSガッツ29N-8W5/16用・21.0kg  {1セット(100個)},https://img21.shop-pro.jp/PA01522/292/product/191581164.jpg,42500,袋状絞り加工により、抜群の強度を発揮。,"42,500"
191581165,仮設足場材,型枠材,334010,KSガッツ29N-9W3/8用・21.0kg  {1セット(100個)},https://img21.shop-pro.jp/PA01522/292/product/191581165.jpg,42500,袋状絞り加工により、抜群の強度を発揮。,"42,500"
191581168,仮設足場材,型枠材,334021,KSゼロガッツ41W13.0kg  {1セット(50個)},https://img21.shop-pro.jp/PA01522/292/product/191581168.jpg,33500,鉄筋をしっかり掴み「鉄筋からのかぶり」を侵しません。,"33,500"
191581170,仮設足場材,型枠材,334022,KSゼロガッツ41N-8W5/16用・14.0kg  {1セット(50個)},https://img21.shop-pro.jp/PA01522/292/product/191581170.jpg,38000,鉄筋をしっかり掴み「鉄筋からのかぶり」を侵しません。,"38,000"
191581171,仮設足場材,型枠材,334023,KSゼロガッツ41N-9W3/8用・14.0kg  {1セット(50個)},https://img21.shop-pro.jp/PA01522/292/product/191581171.jpg,38000,鉄筋をしっかり掴み「鉄筋からのかぶり」を侵しません。,"38,000"
191581173,仮設足場材,型枠材,334014,KS小ガッツ16-8W5/16・16.0kg  {1セット(100個)},https://img21.shop-pro.jp/PA01522/292/product/191581173.jpg,23500,鉄筋とセパレーターを同時に掴み、ボルト1本で取付可能。,"23,500"
191581175,仮設足場材,型枠材,334015,KS小ガッツ16-9W3/8・16.0kg {1セット(100個)},https://img21.shop-pro.jp/PA01522/292/product/191581175.jpg,23500,鉄筋とセパレーターを同時に掴み、ボルト1本で取付可能。,"23,500"
191581176,仮設足場材,型枠材,334018,KSネオガッツ12.0kg {1セット(100個)},https://img21.shop-pro.jp/PA01522/292/product/191581176.jpg,22280,鉄筋、セパを挟んでボルトを締めるだけ。,"22,280"
191581177,仮設足場材,型枠材,334019,KSネオガッツL21.0kg {1セット(100個)},https://img21.shop-pro.jp/PA01522/292/product/191581177.jpg,33500,鉄筋、セパを挟んでボルトを締めるだけ、簡単施工で大幅な工期短縮。,"33,500"
191581179,仮設足場材,型枠材,352300,KSハリロック A型W5/16・10.0kg・ナット入　{1セット(250個)},https://img21.shop-pro.jp/PA01522/292/product/191581179.jpg,17550,セパレーターを落とし込み、梁型枠を保持する金具。,"17,550"
191581180,仮設足場材,型枠材,352200,KSハリロック B型W5/16・9.3kg・ナット入　{1セット(250個)},https://img21.shop-pro.jp/PA01522/292/product/191581180.jpg,17550,セパレーターを落とし込み、梁型枠を保持する金具。,"17,550"
191581181,仮設足場材,型枠材,352600,KSハリロック C型W5/16・9.5kg・ナット入　{1セット(250個)},https://img21.shop-pro.jp/PA01522/292/product/191581181.jpg,17550,セパレーターを落とし込み、梁型枠を保持する金具。,"17,550"
191581183,仮設足場材,型枠材,347910,TB型＋ブレイドアンカーW5/16・12.0kg(TB型) {1セット(100個)},https://img21.shop-pro.jp/PA01522/292/product/191581183.jpg,26250,全ての商品がNETIS登録商品です。,"26,250"
191581184,仮設足場材,型枠材,347131,W型＋溶接ナットW5/16・9.8kg {1セット(100個)},https://img21.shop-pro.jp/PA01522/292/product/191581184.jpg,14500,全ての商品がNETIS登録商品です。,"14,500"
191581185,仮設足場材,型枠材,347140,W型用溶接ナットW5/16・5.0kg {1セット(100個)},https://img21.shop-pro.jp/PA01522/292/product/191581185.jpg,14500,全ての商品がNETIS登録商品です。,"14,500"
191581186,仮設足場材,型枠材,347071,アングル溶接型W5/16・5.5kg {1セット(100個)},https://img21.shop-pro.jp/PA01522/292/product/191581186.jpg,16700,全ての商品がNETIS登録商品です。,"16,700"
191581187,仮設足場材,型枠材,347120,H型W5/16・12.0kg(H型) {1セット(100個)},https://img21.shop-pro.jp/PA01522/292/product/191581187.jpg,46800,全ての商品がNETIS登録商品です。,"46,800"
191581263,その他販売製品,ベース類,W140,Wベース・140角240×240mm・0.5Kg・グレー　{1セット(50個)},https://img21.shop-pro.jp/PA01522/292/product/191581263.jpg,11900,樹脂製足場ベースの定番商品です！ 50枚セット。,"11,900"
191581266,その他販売製品,ベース類,W120,Wベース・120角240×240mm・0.5Kg・ダークグレー　{1セット(50個)},https://img21.shop-pro.jp/PA01522/292/product/191581266.jpg,11900,樹脂製足場ベースの定番商品です！ 50枚セット。,"11,900"
191581267,その他販売製品,ベース類,L140,Lベース・140角55×20cm・1.5Kg・グレー{1セット(12個)},https://img21.shop-pro.jp/PA01522/292/product/191581267.jpg,14690,樹脂製下屋用ベースの定番商品です！ 12枚セット。,"14,690"
191581268,その他販売製品,ベース類,L120,Lベース・120角55×20cm・1.5Kg・ダークグレー {1セット(12個)},https://img21.shop-pro.jp/PA01522/292/product/191581268.jpg,15890,樹脂製下屋用ベースの定番商品です！ 12枚セット。,"15,890"
191581269,その他販売製品,養生・保安材,COC-01,コーナークッション0.275×2m・黄/黒(COC-01) {1セット(10個)},https://img21.shop-pro.jp/PA01522/292/product/191581269.jpg,10080,搬入出入り口の注意喚起・衝突緩衝材 ・安全標示とクッション材で人や建物を保護します。,"10,080"
191581270,その他販売製品,養生・保安材,COC-02,コーナークッション0.275×2m・緑/白(COC-02) {1セット(10個)},https://img21.shop-pro.jp/PA01522/292/product/191581270.jpg,10080,搬入出入り口の注意喚起・衝突緩衝材 ・安全標示とクッション材で人や建物を保護します。,"10,080"
191581271,その他販売製品,養生・保安材,COC-03,コーナークッション0.275×2m・青/白(COC-03) {1セット(10個)},https://img21.shop-pro.jp/PA01522/292/product/191581271.jpg,10080,搬入出入り口の注意喚起・衝突緩衝材 ・安全標示とクッション材で人や建物を保護します。,"10,080"
191581272,その他販売製品,養生・保安材,COC-04,コーナークッション0.275×2m・黄/黒(COC-04) {1セット(40個)},https://img21.shop-pro.jp/PA01522/292/product/191581272.jpg,37440,搬入出入り口の注意喚起・衝突緩衝材 ・安全標示とクッション材で人や建物を保護します。,"37,440"
191581273,その他販売製品,養生・保安材,COC-05,コーナークッション0.275×2m・緑/白(COC-05) {1セット(40個)},https://img21.shop-pro.jp/PA01522/292/product/191581273.jpg,37440,搬入出入り口の注意喚起・衝突緩衝材 ・安全標示とクッション材で人や建物を保護します。,"37,440"
191581274,その他販売製品,養生・保安材,COC-06,コーナークッション0.275×2m・青/白(COC-06) {1セット(40個)},https://img21.shop-pro.jp/PA01522/292/product/191581274.jpg,37440,搬入出入り口の注意喚起・衝突緩衝材 ・安全標示とクッション材で人や建物を保護します。,"37,440"
191581275,その他販売製品,養生・保安材,PC-01,パイプクッション50Φ×1m・黄/黒　{1セット(25個)},https://img21.shop-pro.jp/PA01522/292/product/191581275.jpg,15500,養生資材のベストセラー！ 視認性の良いクッション材で単管を覆い、 通行者の安全を最大限配慮します。,"15,500"
191581276,その他販売製品,養生・保安材,PC-02,パイプクッション50Φ×1m・緑/白　{1セット(25個)},https://img21.shop-pro.jp/PA01522/292/product/191581276.jpg,15500,養生資材のベストセラー！ 視認性の良いクッション材で単管を覆い、 通行者の安全を最大限配慮します。,"15,500"
191581278,その他販売製品,養生・保安材,CC-01,Cクッション1〜120Φ×1.7m・ブルー　{1セット(40個)},https://img21.shop-pro.jp/PA01522/292/product/191581278.jpg,24800,幅広い用途に使える養生カバー柱・サッシ・各種開口部の保護をする耐衝撃性バツグンの養生材です。,"24,800"
191581280,その他販売製品,養生・保安材,CC-02,Cクッション1〜120Φ×1.7m・イエロー　　{1セット(40個)},https://img21.shop-pro.jp/PA01522/292/product/191581280.jpg,24800,幅広い用途に使える養生カバー柱・サッシ・各種開口部の保護をする耐衝撃性バツグンの養生材です。,"24,800"
191581281,その他販売製品,養生・保安材,PLB-01,プラベニヤ2.5×900×1800mm ・ナチュラル(軽量) 　{1セット(20枚)},https://img21.shop-pro.jp/PA01522/292/product/191581281.jpg,10200,壁、床、ガラス、エレベーターなどの養生に最適です。,"10,200"
191581282,その他販売製品,養生・保安材,PLB-02,プラベニヤ2.5×910×1820mm・ナチュラル　{1セット(20枚)},https://img21.shop-pro.jp/PA01522/292/product/191581282.jpg,11505,壁、床、ガラス、エレベーターなどの養生に最適です。,"11,505"
191581283,その他販売製品,養生・保安材,PLB-03,プラベニヤ2.5×910×1820mm・青　{1セット(20枚)},https://img21.shop-pro.jp/PA01522/292/product/191581283.jpg,11505,壁、床、ガラス、エレベーターなどの養生に最適です。,"11,505"
191581284,その他販売製品,養生・保安材,PLB-04,プラベニヤ3×910×1820mm・ナチュラル　{1セット(20枚)},https://img21.shop-pro.jp/PA01522/292/product/191581284.jpg,8850,壁、床、ガラス、エレベーターなどの養生に最適です。,"8,850"
191581285,その他販売製品,養生・保安材,PLB-05,プラベニヤ4×910×1820mm・白　{1セット(20枚)},https://img21.shop-pro.jp/PA01522/292/product/191581285.jpg,19100,壁、床、ガラス、エレベーターなどの養生に最適です。,"19,100"
191581286,その他販売製品,養生・保安材,PLB-06,プラベニヤ5×910×1820mm・白　{1セット(10枚)},https://img21.shop-pro.jp/PA01522/292/product/191581286.jpg,25350,壁、床、ガラス、エレベーターなどの養生に最適です。,"25,350"
191581287,その他販売製品,フェンス,FENT-01,フェンスネット1×0.5m・6.5kg・オレンジ(4巻) {1セット(4巻)},https://img21.shop-pro.jp/PA01522/292/product/191581287.jpg,16200,定番のフェンスネットです。,"16,200"
191581288,その他販売製品,フェンス,FENT-02,フェンスネット1×0.5m・6.5kg・グリーン(4巻) {1セット(4巻)},https://img21.shop-pro.jp/PA01522/292/product/191581288.jpg,21900,定番のフェンスネットです。,"21,900"
191581289,その他販売製品,フェンス,FENT-03,フェンスネット1×0.5m・6.5kg・オレンジ(1巻),https://img21.shop-pro.jp/PA01522/292/product/191581289.jpg,4600,定番のフェンスネットです。,"4,600"
191581290,その他販売製品,フェンス,FENT-04,フェンスネット1×0.5m・6.5kg・グリーン(1巻),https://img21.shop-pro.jp/PA01522/292/product/191581290.jpg,6200,定番のフェンスネットです。,"6,200"
191581291,その他販売製品,フェンス,FENT-05,フェンスネット1.5×0.5m・6.5kg・オレンジ(2巻) {1セット(2巻)},https://img21.shop-pro.jp/PA01522/292/product/191581291.jpg,21100,定番のフェンスネットです。,"21,100"
191581292,その他販売製品,フェンス,FENT-06,フェンスネット1.5×0.5m・6.5kg・オレンジ(1巻),https://img21.shop-pro.jp/PA01522/292/product/191581292.jpg,11250,定番のフェンスネットです。,"11,250"
191581293,その他販売製品,フェンス,SFF-01,セーフティフェンス1×0.5m・6.5kg・オレンジ(5巻) {1セット(5巻)},https://img21.shop-pro.jp/PA01522/292/product/191581293.jpg,19500,高いコストパフォーマンスと、軽量で作業効率アップ。,"19,500"
191581294,その他販売製品,フェンス,SFF-02,セーフティフェンス1×0.5m・6.5kg・オレンジ(1巻),https://img21.shop-pro.jp/PA01522/292/product/191581294.jpg,4610,高いコストパフォーマンスと、軽量で作業効率アップ。,"4,610"
191581295,その他販売製品,フェンス,SFF-03,セーフティフェンス1.5×0.5m・6.5kg・オレンジ(2巻) {1セット(2巻)},https://img21.shop-pro.jp/PA01522/292/product/191581295.jpg,18150,高いコストパフォーマンスと、軽量で作業効率アップ。,"18,150"
191581296,その他販売製品,フェンス,SFF-04,セーフティフェンス1.5×0.5m・6.5kg・オレンジ(1巻),https://img21.shop-pro.jp/PA01522/292/product/191581296.jpg,9800,高いコストパフォーマンスと、軽量で作業効率アップ。,"9,800"
191581297,その他販売製品,パレット類,MSP-1210,メッシュパレット　Lサイズ1200×1000×H900mm・70kg　電気メッキ,https://img21.shop-pro.jp/PA01522/292/product/191581297.jpg,30240,メッシュ構造の為、軽量ながら高強度。,"30,240"
191581298,その他販売製品,パレット類,MSP-1008,メッシュパレット　Sサイズ1000×800×H850mm・50kg　電気メッキ,https://img21.shop-pro.jp/PA01522/292/product/191581298.jpg,22600,メッシュ構造の為、軽量ながら高強度。,"22,600"
191581299,その他販売製品,パレット類,SHP-1,吊りパレット/キャスター無1015×1172×H890mm・98kg,https://img21.shop-pro.jp/PA01522/292/product/191581299.jpg,36720,吊りパレットは安全に吊る為の「吊り輪」を付けた事により、ユニックやクレーンでの荷降ろし作業が安全に出来ます。,"36,720"
191581300,その他販売製品,パレット類,SHP-1R/U,吊りパレット/キャスター付(Φ150)1015×1172×H971mm・103kg,https://img21.shop-pro.jp/PA01522/292/product/191581300.jpg,2000,吊りパレットは安全に吊る為の「吊り輪」を付けた事により、ユニックやクレーンでの荷降ろし作業が安全に出来ます。,"2,000"
191581301,その他販売製品,パレット類,SCP-S,クサビ用パレットH917×1085×815mm・51kg,https://img21.shop-pro.jp/PA01522/292/product/191581301.jpg,2000,溶融亜鉛メッキの処理のため優れた防錆力が有ります。,"2,000"
191581302,その他販売製品,パレット類,SCP-L,クサビ用パレットH917×1740×815mm・62kg,https://img21.shop-pro.jp/PA01522/292/product/191581302.jpg,2000,溶融亜鉛メッキの処理のため優れた防錆力が有ります。,"2,000"
191581303,その他販売製品,パレット類,STP-S,単管パイプ用パレットH702×900×645mm・43kg,https://img21.shop-pro.jp/PA01522/292/product/191581303.jpg,2000,溶融亜鉛メッキの処理のため優れた防錆力が有ります。,"2,000"
191581304,その他販売製品,パレット類,STP-L,単管パイプ用パレットH702×1930×645mm・57kg,https://img21.shop-pro.jp/PA01522/292/product/191581304.jpg,2000,溶融亜鉛メッキの処理のため優れた防錆力が有ります。,"2,000"
191581305,その他販売製品,パレット類,PLCG-01,パレカーゴH1380×1350×125mm・105kg,https://img21.shop-pro.jp/PA01522/292/product/191581305.jpg,2000,クレーンでの吊り上げ時の荷崩れによる事故を解消。,"2,000"
191581306,その他販売製品,マット類,BBB-01,BBボード(3×6)910×1820×10mm・16kg・ブラック(2) {1セット(2枚)},https://img21.shop-pro.jp/PA01522/292/product/191581306.jpg,25300,再生材を使用した環境に優しい敷板です。,"25,300"
191581307,その他販売製品,マット類,BBB-02,BBボード(3×6)910×1820×10mm・16kg・ブラック(10)  {1セット(10枚)},https://img21.shop-pro.jp/PA01522/292/product/191581307.jpg,126000,再生材を使用した環境に優しい敷板です。,"126,000"
191581308,その他販売製品,マット類,RPB-36,リピーボード(3×6)910×1820×13mm・23kg・ブラック・片面凸,https://img21.shop-pro.jp/PA01522/292/product/191581308.jpg,23040,NETIS登録商品 ポリエチレン製で丈夫（20ｔトラックも走行可能）軽量で長寿命（4×8判で40Kg、30年の使用実績有…,"23,040"
191581309,その他販売製品,マット類,RPB-48,リピーボード(4×8)1230×2560×13mm・40kg・ブラック・片面凸,https://img21.shop-pro.jp/PA01522/292/product/191581309.jpg,25920,NETIS登録商品 ポリエチレン製で丈夫（20ｔトラックも走行可能）軽量で長寿命（4×8判で40Kg、30年の使用実績有…,"25,920"
191581311,その他販売製品,マット類,PSK-36,プラボー君910×1820×13mm・20kg・ブラック・片面凸,https://img21.shop-pro.jp/PA01522/292/product/191581311.jpg,28800,敷鉄板の代替に！樹脂を100％利用した次世代の敷板！頑丈かつ軽量で移動がラクラク！ 重機の使用を抑えられるため事故の発生…,"28,800"
191581312,その他販売製品,マット類,PSK-48,プラボー君1200×2400×13mm・40kg・ブラック・片面凸,https://img21.shop-pro.jp/PA01522/292/product/191581312.jpg,36000,敷鉄板の代替に！樹脂を100％利用した次世代の敷板！頑丈かつ軽量で移動がラクラク！ 重機の使用を抑えられるため事故の発生…,"36,000"
191581313,その他販売製品,マット類,OSM-001,オーエスマット500×2000×20mm・4.5kg・オレンジ,https://img21.shop-pro.jp/PA01522/292/product/191581313.jpg,7255,●リサイクル可能!! リサイクル可能な材料（ポリオレフィン系樹脂）を使用しています。,"7,255"
191581314,その他販売製品,マット類,OSM-002,オーエスマット500×2000×20mm・4.5kg・ブルー,https://img21.shop-pro.jp/PA01522/292/product/191581314.jpg,7255,●リサイクル可能!! リサイクル可能な材料（ポリオレフィン系樹脂）を使用しています。,"7,255"
191581315,その他販売製品,マット類,OSM-003,オーエスマット500×2000×20mm・4.5kg・グリーン,https://img21.shop-pro.jp/PA01522/292/product/191581315.jpg,7255,●リサイクル可能!! リサイクル可能な材料（ポリオレフィン系樹脂）を使用しています。,"7,255"
191581316,その他販売製品,マット類,OKM-001-2,OKマット/LBマット450×2000mm・6kg・シルバー　 {1セット(10枚)},https://img21.shop-pro.jp/PA01522/292/product/191581316.jpg,126720,網目寸法55?線径9Φ?5Φ ・ 素材：特殊バネ鋼 配筋作業コンクリート打設作業用簡易足場。,"126,720"
191581317,その他販売製品,クランプキャップ類,SFC-001,クランプ用ソフトカバーイエロー　 {1セット(100個)},https://img21.shop-pro.jp/PA01522/292/product/191581317.jpg,6480,ソフトタッチで作業性が抜群なうえ、柔軟性・耐寒性にも優れています。,"6,480"
191581318,その他販売製品,クランプキャップ類,SFC-002,クランプ用ソフトカバーグリーン　 {1セット(100個)},https://img21.shop-pro.jp/PA01522/292/product/191581318.jpg,6480,ソフトタッチで作業性が抜群なうえ、柔軟性・耐寒性にも優れています。,"6,480"
191581319,その他販売製品,クランプキャップ類,HIS-001,ハイソフト蛍光オレンジ　 {1セット(100個)},https://img21.shop-pro.jp/PA01522/292/product/191581319.jpg,14400,● 特殊樹脂を使っているため、燃やしても有害ガスの発生はほとんどありません。,"14,400"
191581320,その他販売製品,クランプキャップ類,HIS-002,ハイソフト蛍光グリーン　 {1セット(100個)},https://img21.shop-pro.jp/PA01522/292/product/191581320.jpg,14400,● 特殊樹脂を使っているため、燃やしても有害ガスの発生はほとんどありません。,"14,400"
191581321,その他販売製品,クランプキャップ類,HIC-001,ハイカバーイエロー　 {1セット(100個)},https://img21.shop-pro.jp/PA01522/292/product/191581321.jpg,10800,● ハードタイプ ● 二つ割れで、装着が簡単。,"10,800"
191581322,その他販売製品,クランプキャップ類,HIC-002,ハイカバーグリーン　 {1セット(100個)},https://img21.shop-pro.jp/PA01522/292/product/191581322.jpg,10800,● ハードタイプ ● 二つ割れで、装着が簡単。,"10,800"
191581324,その他販売製品,クランプキャップ類,SKP-001,スリムキャッピカシール付き・イエロー　 {1セット(200個)},https://img21.shop-pro.jp/PA01522/292/product/191581324.jpg,2600,単管及びＤ１９〜２５兼用で、先端に夜でも光る反射シール付 ● 単管へは勘合部分を増やすことでしっかり取り付けできます。,"2,600"
191581326,その他販売製品,クランプキャップ類,SKP-002,スリムキャッピカシール無し・イエロー　 {1セット(200個)},https://img21.shop-pro.jp/PA01522/292/product/191581326.jpg,2310,単管及びＤ１９〜２５兼用で、先端に夜でも光る反射シール付 ● 単管へは勘合部分を増やすことでしっかり取り付けできます。,"2,310"
191581328,その他販売製品,クランプキャップ類,KPC-001,キャッピカシール付き・イエロー　 {1セット(200個)},https://img21.shop-pro.jp/PA01522/292/product/191581328.jpg,3170,単管及びD19〜D25兼用で、先端に夜でも目立つ反射シール付。,"3,170"
191581329,その他販売製品,クランプキャップ類,KPC-002,キャッピカシール付き・グリーン　 {1セット(200個)},https://img21.shop-pro.jp/PA01522/292/product/191581329.jpg,3170,単管及びD19〜D25兼用で、先端に夜でも目立つ反射シール付。,"3,170"
191581330,その他販売製品,クランプキャップ類,KPC-003,キャッピカシール無し・イエロー　 {1セット(200個)},https://img21.shop-pro.jp/PA01522/292/product/191581330.jpg,2880,単管及びD19〜D25兼用で、先端に夜でも目立つ反射シール付。,"2,880"
191581331,その他販売製品,シート類,BSS-34,防炎白シート1.8×3.4m・白　 {1セット(10枚)},https://img21.shop-pro.jp/PA01522/292/product/191581331.jpg,9940,防炎・防水効果に優れ、工事現場・資材の養生に最適です。,"9,940"
191581332,その他販売製品,シート類,BSS-36,防炎白シート1.8×3.6m・白　{1セット(10枚)},https://img21.shop-pro.jp/PA01522/292/product/191581332.jpg,7780,防炎・防水効果に優れ、工事現場・資材の養生に最適です。,"7,780"
191581333,その他販売製品,シート類,BSS-51,防炎白シート1.8×5.1m・白　{1セット(10枚)},https://img21.shop-pro.jp/PA01522/292/product/191581333.jpg,11520,防炎・防水効果に優れ、工事現場・資材の養生に最適です。,"11,520"
191581334,その他販売製品,シート類,BSS-54,防炎白シート1.8×5.4m・白　{1セット(10枚)},https://img21.shop-pro.jp/PA01522/292/product/191581334.jpg,10300,防炎・防水効果に優れ、工事現場・資材の養生に最適です。,"10,300"
191581336,その他販売製品,シート類,BLS-1827,ブルーシート1.8×2.7m・ブルー　{1セット(30枚)},https://img21.shop-pro.jp/PA01522/292/product/191581336.jpg,15120,屋内外工事現場の養生シートや保護カバーとしても使えます。,"15,120"
191581337,その他販売製品,シート類,BLS-1836,ブルーシート1.8×3.6m・ブルー　{1セット(25枚)},https://img21.shop-pro.jp/PA01522/292/product/191581337.jpg,5220,屋内外工事現場の養生シートや保護カバーとしても使えます。,"5,220"
191581338,その他販売製品,シート類,BLS-1854,ブルーシート1.8×5.4m・ブルー　{1セット(20枚)},https://img21.shop-pro.jp/PA01522/292/product/191581338.jpg,6630,屋内外工事現場の養生シートや保護カバーとしても使えます。,"6,630"
191581339,その他販売製品,シート類,BLS-2736,ブルーシート2.7×3.6m・ブルー　{1セット(20枚)},https://img21.shop-pro.jp/PA01522/292/product/191581339.jpg,8640,屋内外工事現場の養生シートや保護カバーとしても使えます。,"8,640"
191581340,その他販売製品,シート類,BLS-3636,ブルーシート3.6×3.6m・ブルー　{1セット(15枚)},https://img21.shop-pro.jp/PA01522/292/product/191581340.jpg,14040,屋内外工事現場の養生シートや保護カバーとしても使えます。,"14,040"
191581342,その他販売製品,シート類,BLS-3654,ブルーシート3.6×5.4m・ブルー　{1セット(10枚)},https://img21.shop-pro.jp/PA01522/292/product/191581342.jpg,3248,屋内外工事現場の養生シートや保護カバーとしても使えます。,"3,248"
191581343,その他販売製品,その他,KUS-002丸,コンテナバック丸丸型・1100×1100mm・ベージュ　{1セット(10個)},https://img21.shop-pro.jp/PA01522/292/product/191581343.jpg,107300,紙、木くず、建設廃棄物、廃プラスチックなどの回収、運搬、保管に最適です。,"107,300"
191581344,その他販売製品,その他,KUS-002角,コンテナバック角角型・865×865×1100mm・ベージュ　{1セット(10個)},https://img21.shop-pro.jp/PA01522/292/product/191581344.jpg,109000,紙、木くず、建設廃棄物、廃プラスチックなどの回収、運搬、保管に最適です。,"109,000"
191581345,その他販売製品,その他,KUS-005拝,コンテナバック拝排出口付・1100×1100mm・ベージュ　{1セット(10個)},https://img21.shop-pro.jp/PA01522/292/product/191581345.jpg,13680,紙、木くず、建設廃棄物、廃プラスチックなどの回収、運搬、保管に最適です。,"13,680"
191581346,その他販売製品,その他,KUS-002N,コンテナバックN丸型(ビニール内袋付)1100×1100mm・ベージュ　{1セット(10個)},https://img21.shop-pro.jp/PA01522/292/product/191581346.jpg,17600,紙、木くず、建設廃棄物、廃プラスチックなどの回収、運搬、保管に最適です。,"17,600"
191581347,その他販売製品,その他,KUS-002角500,コンテナバック角500角型ハーフ・865×865×600mm・ベージュ　{1セット(10個)},https://img21.shop-pro.jp/PA01522/292/product/191581347.jpg,17650,紙、木くず、建設廃棄物、廃プラスチックなどの回収、運搬、保管に最適です。,"17,650"
191581348,その他販売製品,その他,KUS-2BLACK,耐候性コンテナバック丸型(1年対応)1100×1100mm・黒　{1セット(10個)},https://img21.shop-pro.jp/PA01522/292/product/191581348.jpg,22500,紙、木くず、建設廃棄物、廃プラスチックなどの回収、運搬、保管に最適です。,"22,500"
191581350,その他販売製品,その他,NBAG-400(1),N-BAGΦ350×H400mm 鉄板入り(400-1),https://img21.shop-pro.jp/PA01522/292/product/191581350.jpg,4760,単管パイプやジョイント部品の荷揚げ用、手すりや筋交も入る超ロングサイズも有り！ 工事現場等で資材や工具の吊り上げ作業に最…,"4,760"
191581351,その他販売製品,その他,NBAG-600(1),N-BAGΦ350×H600mm 鉄板入り(600-1),https://img21.shop-pro.jp/PA01522/292/product/191581351.jpg,5190,単管パイプやジョイント部品の荷揚げ用、手すりや筋交も入る超ロングサイズも有り！ 工事現場等で資材や工具の吊り上げ作業に最…,"5,190"
191581352,その他販売製品,その他,NBAG-1000(1),N-BAGΦ350×H1000mm 鉄板入り(1000-1),https://img21.shop-pro.jp/PA01522/292/product/191581352.jpg,7200,単管パイプやジョイント部品の荷揚げ用、手すりや筋交も入る超ロングサイズも有り！ 工事現場等で資材や工具の吊り上げ作業に最…,"7,200"
191581353,その他販売製品,その他,NBAG-1400(1),N-BAGΦ350×H1400mm 鉄板入り(1400-1),https://img21.shop-pro.jp/PA01522/292/product/191581353.jpg,7920,単管パイプやジョイント部品の荷揚げ用、手すりや筋交も入る超ロングサイズも有り！ 工事現場等で資材や工具の吊り上げ作業に最…,"7,920"
191581354,その他販売製品,その他,NBAG-6060(1),N-BAGΦ600×H600mm PP板入り(6060-1),https://img21.shop-pro.jp/PA01522/292/product/191581354.jpg,10080,単管パイプやジョイント部品の荷揚げ用、手すりや筋交も入る超ロングサイズも有り！ 工事現場等で資材や工具の吊り上げ作業に最…,"10,080"
191581355,その他販売製品,その他,NBAG-400K(1),N-BAG 巾着付Φ350×H400mm 鉄板入り(400K-1),https://img21.shop-pro.jp/PA01522/292/product/191581355.jpg,4900,単管パイプやジョイント部品の荷揚げ用、手すりや筋交も入る超ロングサイズも有り！ 工事現場等で資材や工具の吊り上げ作業に最…,"4,900"
191581356,その他販売製品,その他,NBAG-600K(1),N-BAG 巾着付Φ350×H600mm 鉄板入り(600K-1),https://img21.shop-pro.jp/PA01522/292/product/191581356.jpg,5350,単管パイプやジョイント部品の荷揚げ用、手すりや筋交も入る超ロングサイズも有り！ 工事現場等で資材や工具の吊り上げ作業に最…,"5,350"
191581357,その他販売製品,その他,NBAG-6060K(1),N-BAG 巾着付Φ600×H600mm PP板入り(6060K-1),https://img21.shop-pro.jp/PA01522/292/product/191581357.jpg,10380,単管パイプやジョイント部品の荷揚げ用、手すりや筋交も入る超ロングサイズも有り！ 工事現場等で資材や工具の吊り上げ作業に最…,"10,380"
191581358,その他販売製品,その他,NBAG-400(6),N-BAGΦ350×H400mm 鉄板入り(400-6) {1セット(6個)},https://img21.shop-pro.jp/PA01522/292/product/191581358.jpg,28500,単管パイプやジョイント部品の荷揚げ用、手すりや筋交も入る超ロングサイズも有り！ 工事現場等で資材や工具の吊り上げ作業に最…,"28,500"
191581360,その他販売製品,その他,NBAG-600(6),N-BAGΦ350×H600mm 鉄板入り(600-6) {1セット(6個)},https://img21.shop-pro.jp/PA01522/292/product/191581360.jpg,31100,単管パイプやジョイント部品の荷揚げ用、手すりや筋交も入る超ロングサイズも有り！ 工事現場等で資材や工具の吊り上げ作業に最…,"31,100"
191581361,その他販売製品,その他,NBAG-1000(3),N-BAGΦ350×H1000mm 鉄板入り(1000-3) {1セット(3個)},https://img21.shop-pro.jp/PA01522/292/product/191581361.jpg,21600,単管パイプやジョイント部品の荷揚げ用、手すりや筋交も入る超ロングサイズも有り！ 工事現場等で資材や工具の吊り上げ作業に最…,"21,600"
191581362,その他販売製品,その他,NBAG-1400(3),N-BAGΦ350×H1400mm 鉄板入り(1400-3) {1セット(3個)},https://img21.shop-pro.jp/PA01522/292/product/191581362.jpg,23760,単管パイプやジョイント部品の荷揚げ用、手すりや筋交も入る超ロングサイズも有り！ 工事現場等で資材や工具の吊り上げ作業に最…,"23,760"
191581363,その他販売製品,その他,NBAG-6060(3),N-BAGΦ600×H600mm PP板入り(6060-3) {1セット(3個)},https://img21.shop-pro.jp/PA01522/292/product/191581363.jpg,30240,単管パイプやジョイント部品の荷揚げ用、手すりや筋交も入る超ロングサイズも有り！ 工事現場等で資材や工具の吊り上げ作業に最…,"30,240"
191581364,その他販売製品,その他,NBAG-400K(6),N-BAG 巾着付Φ350×H400mm 鉄板入り(400K-6) {1セット(6個)},https://img21.shop-pro.jp/PA01522/292/product/191581364.jpg,29375,単管パイプやジョイント部品の荷揚げ用、手すりや筋交も入る超ロングサイズも有り！ 工事現場等で資材や工具の吊り上げ作業に最…,"29,375"
191581366,その他販売製品,その他,NBAG-600K(6),N-BAG 巾着付Φ350×H600mm 鉄板入り(600K-6) {1セット(6個)},https://img21.shop-pro.jp/PA01522/292/product/191581366.jpg,31970,単管パイプやジョイント部品の荷揚げ用、手すりや筋交も入る超ロングサイズも有り！ 工事現場等で資材や工具の吊り上げ作業に最…,"31,970"
191581367,その他販売製品,その他,NBAG-6060K(3),N-BAG 巾着付Φ600×600mm PP板入り(6060K-3) {1セット(6個)},https://img21.shop-pro.jp/PA01522/292/product/191581367.jpg,31110,単管パイプやジョイント部品の荷揚げ用、手すりや筋交も入る超ロングサイズも有り！ 工事現場等で資材や工具の吊り上げ作業に最…,"31,110"
191581369,その他販売製品,その他,SSS-001,敷鉄板スロープ 直線用155×1500mm・イエロー　{1セット(4個)},https://img21.shop-pro.jp/PA01522/292/product/191581369.jpg,20750,ちょっとした段差をすぐに解消でき、歩行者、自転車への配慮ができます。,"20,750"
191581370,その他販売製品,その他,SSS-002,敷鉄板スロープ コーナー用255×255mm・イエロー {1セット(4個)},https://img21.shop-pro.jp/PA01522/292/product/191581370.jpg,10370,ちょっとした段差をすぐに解消でき、歩行者、自転車への配慮ができます。,"10,370"
191581371,その他販売製品,その他,FLK-1500・固定リング2個付,フラッグホルダー上下段セット1000〜1500mm・固定リング2個付,https://img21.shop-pro.jp/PA01522/292/product/191581371.jpg,11250,旗のサイズおよび上段設置・下段設置を問わず、これ一本ですべての状況に対応できます。,"11,250"
191581372,その他販売製品,その他,FLK-1500・固定リング1個付,フラッグホルダー上段用1000〜1500mm・固定リング1個付,https://img21.shop-pro.jp/PA01522/292/product/191581372.jpg,5780,旗のサイズおよび上段設置・下段設置を問わず、これ一本ですべての状況に対応できます。,"5,780"
